Date,BHARTIARTL.NS,HDFCBANK.NS,HINDUNILVR.NS,ICICIBANK.NS,INFY.NS,ITC.NS,M&M.NS,RELIANCE.NS,SUNPHARMA.NS,TCS.NS,^NSEI
2021-10-06,667.347900390625,755.6096801757812,2462.92724609375,663.2371215820312,1457.6162109375,182.08401489257812,796.3223266601562,1159.4019775390625,762.0219116210938,3310.523193359375,17646.0
2021-10-07,668.4096069335938,753.5509643554688,2447.66015625,675.4533081054688,1472.8143310546875,183.4225616455078,838.4727783203125,1165.086181640625,783.5805053710938,3381.75634765625,17790.349609375
2021-10-08,671.3052368164062,749.8778076171875,2420.74853515625,676.607666015625,1501.4259033203125,182.4383087158203,838.0431518554688,1209.8570556640625,781.8197021484375,3418.893310546875,17895.19921875
2021-10-11,666.8169555664062,764.4530029296875,2425.378662109375,686.1305541992188,1472.7708740234375,187.43824768066406,855.0369262695312,1201.4326171875,792.432373046875,3201.675537109375,17945.94921875
2021-10-12,662.4735717773438,762.4877319335938,2453.849365234375,681.6094970703125,1467.719482421875,189.9972686767578,849.7860717773438,1208.2943115234375,789.7197265625,3173.225341796875,17991.94921875
2021-10-13,665.9000854492188,767.0731811523438,2426.891357421875,682.9080810546875,1488.666259765625,196.21763610839844,892.9866333007812,1220.5911865234375,801.950439453125,3175.26708984375,18161.75
2021-10-14,661.9426879882812,789.5322875976562,2429.458984375,699.5972900390625,1494.37109375,202.00494384765625,889.2156372070312,1223.0595703125,800.7607421875,3143.281005859375,18338.55078125
2021-10-18,656.923583984375,781.5313110351562,2433.539306640625,717.055908203125,1560.913330078125,206.7293243408203,869.6917724609375,1226.3206787109375,795.620849609375,3174.352783203125,18477.05078125
2021-10-19,657.4061889648438,790.1405639648438,2335.244140625,718.979736328125,1587.0426025390625,193.65859985351562,875.945068359375,1237.3037109375,787.48291015625,3163.0380859375,18418.75
2021-10-20,683.8048095703125,783.1923217773438,2272.7548828125,717.440673828125,1569.7972412109375,194.17042541503906,858.6170654296875,1223.0595703125,775.6329345703125,3141.017578125,18266.599609375
2021-10-21,671.836181640625,784.3386840820312,2242.588134765625,726.72314453125,1527.380859375,192.6743621826172,856.3734741210938,1187.7772216796875,778.9642944335938,3074.5654296875,18178.099609375
2021-10-22,670.3400268554688,786.4207763671875,2250.244384765625,730.3783569335938,1497.8983154296875,186.29652404785156,847.6378784179688,1189.99658203125,773.3960571289062,3045.278076171875,18114.900390625
2021-10-25,667.058349609375,775.30810546875,2251.84912109375,809.6398315429688,1487.229248046875,183.77687072753906,850.3589477539062,1178.4017333984375,774.0147705078125,3040.142333984375,18125.400390625
2021-10-26,671.98095703125,773.3196411132812,2248.1591796875,797.808349609375,1497.0264892578125,186.37527465820312,854.0345458984375,1205.2373046875,774.3003540039062,3031.134765625,18268.400390625
2021-10-27,677.9169311523438,768.6640625,2211.025634765625,803.1948852539062,1519.21337890625,187.75320434570312,846.6355590820312,1189.99658203125,785.3413696289062,3037.357666015625,18210.94921875
2021-10-28,665.7552490234375,745.6433715820312,2204.61328125,768.2776489257812,1497.202392578125,177.2415313720703,843.819091796875,1176.952392578125,768.6846313476562,2978.08544921875,17857.25
2021-10-29,661.50830078125,740.613525390625,2207.842041015625,771.5,1465.4375,175.74549865722656,844.2010498046875,1148.7132568359375,756.6917724609375,2957.283447265625,17671.650390625
2021-11-01,687.7139282226562,751.1178588867188,2220.712646484375,773.2796020507812,1493.8194580078125,178.6194305419922,830.9306030273438,1149.4151611328125,772.6823120117188,3025.73828125,17929.650390625
2021-11-02,689.1134643554688,751.7963256835938,2231.5986328125,770.4419555664062,1491.93017578125,177.63522338867188,822.4814453125,1132.6571044921875,776.1088256835938,3032.52685546875,17888.94921875
2021-11-03,674.7799682617188,739.95849609375,2224.63330078125,756.0133056640625,1495.97216796875,175.15496826171875,810.5475463867188,1124.866943359375,749.9815673828125,3039.53369140625,17829.19921875
2021-11-04,676.7103881835938,745.8071899414062,2235.2431640625,752.3099365234375,1501.419921875,178.3832550048828,833.3173217773438,1131.7738037109375,757.1201171875,3053.807373046875,17916.80078125
2021-11-08,684.335693359375,748.7548828125,2243.592041015625,750.4342651367188,1526.7261962890625,180.94229125976562,820.5719604492188,1133.177978515625,761.450927734375,3048.672119140625,18068.55078125
2021-11-09,688.3894653320312,735.65380859375,2242.900146484375,756.59033203125,1531.119873046875,180.1155242919922,851.7432861328125,1142.123046875,762.73583984375,3051.239501953125,18044.25
2021-11-10,709.8655395507812,727.699462890625,2214.300537109375,751.1556396484375,1529.0548095703125,181.76901245117188,877.9976806640625,1154.8955078125,772.0159912109375,3032.614013671875,18017.19921875
2021-11-11,703.2537231445312,724.4476928710938,2192.205322265625,742.0656127929688,1523.0360107421875,181.09974670410156,882.86669921875,1157.00146484375,756.549072265625,3036.008544921875,17873.599609375
2021-11-12,717.635498046875,726.6466674804688,2218.728759765625,747.0193481445312,1564.246337890625,183.38316345214844,895.3256225585938,1174.4615478515625,767.6375732421875,3068.951904296875,18102.75
2021-11-15,711.8924560546875,728.6353149414062,2236.995849609375,743.8450927734375,1570.353515625,187.47763061523438,886.351318359375,1167.53173828125,771.6353149414062,3092.66943359375,18109.44921875
2021-11-16,704.8946533203125,724.3073120117188,2220.297119140625,734.9473876953125,1574.878662109375,185.39100646972656,916.8065795898438,1140.4022216796875,759.9755249023438,3095.366455078125,17999.19921875
2021-11-17,695.001220703125,716.2593383789062,2205.99755859375,732.3021240234375,1570.616943359375,188.57992553710938,911.2215576171875,1115.98974609375,753.2175903320312,3065.33935546875,17898.650390625
2021-11-18,689.4994506835938,720.2832641601562,2213.6083984375,733.84130859375,1563.54345703125,187.0051727294922,881.8641967773438,1120.2017822265625,752.5513916015625,3025.12890625,17764.80078125
2021-11-22,716.2841796875,709.0303344726562,2203.598876953125,723.3563842773438,1545.9696044921875,181.80836486816406,860.0491943359375,1070.5848388671875,733.6102294921875,3010.0712890625,17416.55078125
2021-11-23,732.499755859375,709.1239013671875,2208.811279296875,723.212158203125,1526.1990966796875,182.3595733642578,860.5265502929688,1080.5941162109375,747.3641357421875,3015.163330078125,17503.349609375
2021-11-24,732.499755859375,710.2937622070312,2190.86767578125,731.2440795898438,1490.2607421875,179.28875732421875,852.74560546875,1064.9913330078125,741.4151611328125,2996.928466796875,17415.05078125
2021-11-25,738.5323486328125,713.9900512695312,2167.156982421875,722.4425659179688,1513.4580078125,182.12335205078125,850.8363037109375,1129.1016845703125,745.1747436523438,2999.19189453125,17536.25
2021-11-26,713.0506591796875,697.122314453125,2154.28759765625,694.6914672851562,1486.4383544921875,176.37538146972656,815.0824584960938,1092.7098388671875,730.32666015625,3000.01904296875,17026.44921875
2021-11-29,713.6297607421875,702.432861328125,2149.02880859375,691.0362548828125,1490.568115234375,174.40692138671875,812.2659912109375,1105.799072265625,714.8595581054688,3048.01953125,17053.94921875
2021-11-30,702.916015625,698.8301391601562,2138.096435546875,687.1404418945312,1504.8907470703125,174.13136291503906,797.6589965820312,1089.44873046875,717.2866821289062,3071.6494140625,16983.19921875
2021-12-01,697.1246948242188,704.0238037109375,2163.28271484375,699.9820556640625,1506.867919921875,174.7218780517578,796.8952026367188,1117.3486328125,709.4342041015625,3113.993408203125,17166.900390625
2021-12-02,707.0663452148438,713.8963623046875,2198.75537109375,694.8839111328125,1536.1722412109375,177.51712036132812,811.0726318359375,1124.52734375,729.3272094726562,3170.653564453125,17401.650390625
2021-12-03,693.3602905273438,708.1881103515625,2162.175537109375,689.0162963867188,1525.012939453125,174.5250244140625,799.0432739257812,1090.7396240234375,715.573486328125,3168.521484375,17196.69921875
2021-12-06,673.3322143554688,703.6260986328125,2127.90234375,682.5232543945312,1489.6455078125,171.5723419189453,784.91357421875,1070.0638427734375,701.6294555664062,3077.9599609375,16912.25
2021-12-07,674.5386962890625,713.873046875,2141.8330078125,706.6673583984375,1504.0120849609375,173.73765563964844,788.5414428710938,1078.7825927734375,707.86376953125,3119.824951171875,17176.69921875
2021-12-08,690.2716674804688,727.0211181640625,2159.36181640625,724.7030639648438,1540.653564453125,177.12342834472656,802.6712036132812,1095.200927734375,721.0464477539062,3156.727783203125,17469.75
2021-12-09,689.1134643554688,714.4111938476562,2158.5771484375,726.2421875,1549.5283203125,185.3516387939453,812.5524291992188,1112.5701904296875,723.140380859375,3134.838623046875,17516.849609375
2021-12-10,685.9764404296875,712.3992309570312,2152.165771484375,729.1278686523438,1545.837890625,185.90283203125,820.7628784179688,1113.7025146484375,724.6632080078125,3165.344970703125,17511.30078125
2021-12-13,678.640869140625,707.0651245117188,2125.918701171875,725.2802124023438,1533.0089111328125,184.7217559814453,804.914794921875,1091.373779296875,725.8530883789062,3141.714111328125,17368.25
2021-12-14,667.5408935546875,702.9944458007812,2138.788330078125,729.753173828125,1539.59912109375,179.99740600585938,798.9478759765625,1078.0125732421875,719.6185913085938,3154.030029296875,17324.900390625
2021-12-15,661.6048583984375,701.84814453125,2141.2333984375,723.596923828125,1523.8265380859375,176.414794921875,807.8743896484375,1074.8648681640625,737.7506713867188,3107.509033203125,17221.400390625
2021-12-16,657.69580078125,701.894775390625,2130.669677734375,712.9197387695312,1556.689697265625,175.50929260253906,814.65283203125,1088.7691650390625,727.6138305664062,3117.300537109375,17248.400390625
2021-12-17,642.8797607421875,689.2382202148438,2057.556396484375,700.5591430664062,1599.9652099609375,171.61170959472656,796.7996826171875,1060.0318603515625,731.8970336914062,3119.6943359375,16985.19921875
2021-12-20,635.3511352539062,667.059814453125,2093.398193359375,682.9080810546875,1580.677978515625,167.24166870117188,777.419189453125,1031.4525146484375,727.137939453125,3095.802734375,16614.19921875
2021-12-21,643.7966918945312,674.6163940429688,2096.857666015625,692.9119873046875,1591.83740234375,167.32041931152344,775.414306640625,1046.8065185546875,741.0343627929688,3140.5390625,16770.849609375
2021-12-22,660.92919921875,676.2072143554688,2101.2861328125,704.8877563476562,1603.34814453125,166.92674255371094,781.619873046875,1071.6490478515625,759.0713500976562,3160.078857421875,16955.44921875
2021-12-23,655.1380004882812,675.6925048828125,2122.505126953125,703.44482421875,1632.25732421875,171.09988403320312,789.4006958007812,1071.2640380859375,754.2646484375,3187.88720703125,17072.599609375
2021-12-24,653.4970703125,673.259521484375,2119.091796875,699.4048461914062,1637.4412841796875,171.6510772705078,775.8439331054688,1074.6837158203125,747.5545043945312,3195.02392578125,17003.75
2021-12-27,652.2422485351562,678.8275146484375,2123.197021484375,707.9658813476562,1639.77001953125,171.29673767089844,781.4766235351562,1073.5286865234375,755.8350830078125,3216.95751953125,17086.25
2021-12-28,656.3927612304688,683.5064697265625,2130.30078125,707.7734375,1658.9693603515625,173.26519775390625,800.714111328125,1086.2783203125,775.8232421875,3226.052001953125,17233.25
2021-12-29,653.3040161132812,680.2545166015625,2128.225341796875,707.6773071289062,1656.816650390625,170.6668243408203,794.9857177734375,1088.13525390625,798.3812255859375,3215.73876953125,17213.599609375
2021-12-30,655.7169799804688,683.833984375,2145.5234375,707.6773071289062,1663.23095703125,170.07627868652344,791.7398071289062,1068.4786376953125,794.2409057617188,3249.7265625,17203.94921875
2021-12-31,660.01220703125,692.2094116210938,2177.39794921875,711.9578857421875,1658.749755859375,171.6904296875,799.2342529296875,1072.5777587890625,804.9487915039062,3253.73046875,17354.05078125
2022-01-03,667.2513427734375,711.0422973632812,2178.459228515625,735.57275390625,1668.151611328125,172.51719665527344,792.2171630859375,1088.7467041015625,808.0421142578125,3322.83740234375,17625.69921875
2022-01-04,673.1873779296875,715.20654296875,2215.3154296875,743.4121704101562,1668.766845703125,173.4226837158203,794.1742553710938,1113.3173828125,797.3343505859375,3381.151611328125,17805.25
2022-01-05,675.648681640625,732.1912841796875,2228.73876953125,758.0332641601562,1620.878173828125,173.65892028808594,801.477783203125,1118.526123046875,794.8594970703125,3360.43701171875,17925.25
2022-01-06,685.6869506835938,720.4470825195312,2206.227783203125,755.1475830078125,1597.2852783203125,172.20223999023438,801.8119506835938,1094.4761962890625,789.6244506835938,3313.87255859375,17745.900390625
2022-01-07,680.1851806640625,725.5004272460938,2229.061279296875,763.0352172851562,1594.2098388671875,171.9660186767578,791.4533081054688,1103.30810546875,789.005859375,3353.95263671875,17812.69921875
2022-01-10,680.426513671875,729.5242919921875,2220.666015625,779.86865234375,1626.238037109375,175.82423400878906,803.81689453125,1104.2138671875,786.8643188476562,3376.886962890625,18003.30078125
2022-01-11,678.9786376953125,732.6826171875,2217.52978515625,779.7724609375,1630.4996337890625,174.76126098632812,803.291748046875,1112.16259765625,792.2897338867188,3408.262939453125,18055.75
2022-01-12,704.7981567382812,728.3545532226562,2226.293701171875,792.3734741210938,1649.6990966796875,175.3911590576172,840.6685180664062,1141.851318359375,795.9064331054688,3359.5234375,18212.349609375
2022-01-13,706.3424682617188,714.94921875,2227.262451171875,793.2872924804688,1666.701904296875,176.3360137939453,855.4188232421875,1148.2828369140625,823.7946166992188,3392.596923828125,18257.80078125
2022-01-14,695.5321044921875,722.9737548828125,2180.673095703125,788.7662963867188,1695.303466796875,175.27305603027344,841.2891845703125,1149.9586181640625,818.3216552734375,3453.73974609375,18255.75
2022-01-17,703.2537231445312,711.907958984375,2204.521484375,788.0928955078125,1704.2218017578125,176.8478546142578,860.0014038085938,1155.959716796875,812.08740234375,3498.12890625,18308.099609375
2022-01-18,689.4994506835938,715.5341186523438,2186.024169921875,791.7482299804688,1687.7464599609375,173.81639099121094,851.7432861328125,1142.16845703125,805.9005737304688,3473.27978515625,18113.05078125
2022-01-19,679.2200317382812,710.4808349609375,2131.038818359375,777.8004760742188,1640.5609130859375,173.50140380859375,853.8912963867188,1142.077880859375,798.095703125,3413.162109375,17938.400390625
2022-01-20,690.512939453125,706.0592651367188,2086.663818359375,779.3876953125,1602.4693603515625,172.24160766601562,840.620849609375,1122.0816650390625,780.4871826171875,3336.348876953125,17757.0
2022-01-21,671.06396484375,711.9547119140625,2145.338623046875,773.8567504882812,1569.0792236328125,170.9030303955078,835.5609130859375,1122.2628173828125,769.7792358398438,3342.408447265625,17617.150390625
2022-01-24,665.9000854492188,695.6016845703125,2107.697998046875,768.0371704101562,1526.111083984375,166.76925659179688,815.9894409179688,1076.9935302734375,762.2598876953125,3288.219970703125,17149.099609375
2022-01-25,687.08642578125,696.2567138671875,2147.04541015625,771.1152954101562,1513.2384033203125,168.7377166748047,815.7984619140625,1074.887451171875,769.1129760742188,3286.955810546875,17277.94921875
2022-01-27,682.6465454101562,690.127197265625,2117.61572265625,764.3818969726562,1474.9713134765625,168.97393798828125,819.1876220703125,1058.9674072265625,772.9677734375,3181.76171875,17110.150390625
2022-01-28,690.8991088867188,684.6527709960938,2106.729248046875,751.3961181640625,1481.6494140625,171.33609008789062,830.2623291015625,1057.9482421875,787.48291015625,3217.33544921875,17101.94921875
2022-01-31,703.929443359375,695.1571655273438,2097.688720703125,758.754638671875,1525.583984375,173.38330078125,845.6808471679688,1080.9339599609375,794.2883911132812,3257.61669921875,17339.849609375
2022-02-01,697.8968505859375,700.4444580078125,2127.1181640625,779.4357299804688,1557.0853271484375,179.32810974121094,830.3099975585938,1077.3558349609375,848.77978515625,3313.766357421875,17576.849609375
2022-02-02,699.8272705078125,716.446533203125,2147.64501953125,782.7543334960938,1570.309326171875,182.79261779785156,829.975830078125,1079.552490234375,847.7327270507812,3362.200439453125,17780.0
2022-02-03,696.5455322265625,709.0303344726562,2120.19873046875,778.13720703125,1527.64892578125,184.6036376953125,817.4214477539062,1065.6025390625,840.974853515625,3334.64892578125,17560.19921875
2022-02-04,695.14599609375,713.0776977539062,2127.99462890625,774.3857421875,1529.8895263671875,184.4855194091797,803.5781860351562,1055.8875732421875,850.8737182617188,3326.191162109375,17516.30078125
2022-02-07,681.922607421875,686.9454956054688,2082.78857421875,756.4461669921875,1506.955810546875,181.25723266601562,791.9307250976562,1049.4560546875,844.3062133789062,3294.89013671875,17213.599609375
2022-02-08,684.2391357421875,683.9977416992188,2089.016357421875,762.313720703125,1508.97705078125,182.08401489257812,794.3651733398438,1067.0972900390625,851.0164794921875,3263.894287109375,17266.75
2022-02-09,694.3255615234375,700.72509765625,2101.2861328125,772.221435546875,1526.55078125,181.21788024902344,802.1461181640625,1079.52978515625,850.39306640625,3278.8037109375,17463.80078125
2022-02-10,698.862060546875,713.59228515625,2106.35986328125,774.818603515625,1554.9320068359375,182.87136840820312,814.4141235351562,1078.420166015625,857.9236450195312,3287.3486328125,17605.849609375
2022-02-11,690.2716674804688,710.66796875,2083.157470703125,760.678466796875,1512.535400390625,183.02883911132812,814.9869995117188,1076.3143310546875,844.3012084960938,3221.607177734375,17374.75
2022-02-14,665.70703125,689.5423583984375,2055.98828125,724.99169921875,1478.1346435546875,176.9430389404297,787.6822509765625,1059.1712646484375,829.6715087890625,3255.4365234375,16842.80078125
2022-02-15,686.7968139648438,710.1767578125,2112.772216796875,746.4903564453125,1527.3853759765625,179.805419921875,815.8939208984375,1095.1328125,841.135498046875,3328.7197265625,17352.44921875
2022-02-16,696.6903076171875,709.2175903320312,2109.450439453125,734.9473876953125,1523.0360107421875,179.60382080078125,825.1068725585938,1092.8682861328125,833.5088500976562,3324.6220703125,17322.19921875
2022-02-17,692.0573120117188,704.889404296875,2128.871337890625,721.7692260742188,1515.5670166015625,179.523193359375,823.1974487304688,1106.704833984375,827.4650268554688,3299.423828125,17304.599609375
2022-02-18,687.7620849609375,707.6265869140625,2133.48388671875,720.3745727539062,1499.8822021484375,178.91847229003906,813.4116821289062,1098.0543212890625,827.8008422851562,3307.88134765625,17276.30078125
2022-02-21,685.2526245117188,712.1885986328125,2117.1083984375,725.713134765625,1520.7513427734375,175.77391052246094,803.0053100585938,1086.9576416015625,809.5256958007812,3242.925537109375,17206.650390625
2022-02-22,674.9248046875,706.8545532226562,2094.182373046875,722.68310546875,1523.9583740234375,173.23403930664062,814.6050415039062,1082.020751953125,811.3964233398438,3126.962890625,17092.19921875
2022-02-23,679.8956909179688,702.2692260742188,2085.3720703125,716.2382202148438,1531.42724609375,174.12098693847656,811.7886352539062,1075.249755859375,806.0721435546875,3107.258056640625,17063.25
2022-02-24,647.56103515625,664.135498046875,2003.2633056640625,680.4552612304688,1474.575927734375,168.11402893066406,759.757080078125,1021.6695556640625,784.9671020507812,2965.88134765625,16247.9501953125
2022-02-25,664.693603515625,681.3073120117188,2002.6173095703125,702.2424926757812,1489.0303955078125,172.50839233398438,771.0225830078125,1034.44189453125,797.7260131835938,3069.722900390625,16658.400390625
2022-02-28,662.6183471679688,667.340576171875,2003.9091796875,714.4107055664062,1507.4832763671875,174.0403594970703,755.03125,1068.682373046875,809.5736694335938,3098.88818359375,16793.900390625
2022-03-02,650.7945556640625,643.0098266601562,1982.690185546875,687.6214599609375,1496.235595703125,173.5968780517578,743.0973510742188,1086.34619140625,787.5093994140625,3091.869384765625,16605.94921875
2022-03-03,648.6710205078125,641.4891967773438,1929.0889892578125,671.7018432617188,1512.0960693359375,176.90272521972656,727.53564453125,1077.1746826171875,787.5093994140625,3090.34375,16498.05078125
2022-03-04,630.9594116210938,639.3836669921875,1863.12548828125,661.8422241210938,1514.248779296875,181.8211669921875,699.133056640625,1053.2830810546875,795.9034423828125,3072.8623046875,16245.349609375
2022-03-07,651.904541015625,619.872314453125,1793.4251708984375,628.8487548828125,1528.791259765625,181.37770080566406,659.2739868164062,1014.3323974609375,789.1881713867188,3038.466064453125,15863.150390625
2022-03-08,659.2401123046875,621.2759399414062,1798.084228515625,639.6702270507812,1562.4891357421875,182.95001220703125,668.91650390625,1012.4979858398438,820.22216796875,3138.777587890625,16013.4501953125
2022-03-09,667.4443969726562,641.5592651367188,1843.19775390625,642.0269165039062,1593.375244140625,184.84478759765625,701.5675659179688,1066.214111328125,832.9332275390625,3167.2451171875,16345.349609375
2022-03-10,673.47705078125,651.6425170898438,1939.1910400390625,650.8284301757812,1604.4027099609375,187.06211853027344,705.3863525390625,1083.4927978515625,834.1803588867188,3157.08740234375,16594.900390625
2022-03-11,670.6778564453125,653.5609130859375,1932.2254638671875,652.078857421875,1600.975830078125,190.5695343017578,701.5198364257812,1086.617919921875,865.3104858398438,3138.080322265625,16630.44921875
2022-03-14,676.0347900390625,674.9673461914062,1899.8436279296875,669.6337280273438,1661.3419189453125,192.7062530517578,709.539306640625,1095.5404052734375,855.9570922851562,3176.312744140625,16871.30078125
2022-03-15,678.640869140625,666.2877807617188,1880.37744140625,670.7880249023438,1616.1771240234375,191.7789764404297,726.7240600585938,1070.4488525390625,855.3814697265625,3133.502685546875,16663.0
2022-03-16,687.2312622070312,677.5875244140625,1911.698486328125,681.0324096679688,1660.1995849609375,195.60894775390625,738.6102294921875,1088.520263671875,853.0311279296875,3187.5595703125,16975.349609375
2022-03-17,697.7520751953125,692.5135498046875,1939.2830810546875,692.6714477539062,1629.6209716796875,197.46347045898438,758.4205322265625,1124.0064697265625,874.5198974609375,3202.25146484375,17287.05078125
2022-03-21,683.5634765625,695.5314331054688,1892.3707275390625,683.6776733398438,1628.2591552734375,197.14089965820312,748.0140991210938,1117.52978515625,876.63037109375,3162.1005859375,17117.599609375
2022-03-22,694.22900390625,699.11083984375,1839.138671875,690.8438720703125,1658.442138671875,201.3739776611328,750.0189819335938,1146.4031982421875,876.918212890625,3226.839111328125,17315.5
2022-03-23,680.426513671875,692.1392211914062,1825.34619140625,690.9400634765625,1645.261962890625,203.1881866455078,739.0398559570312,1150.049072265625,864.1593627929688,3236.82177734375,17245.650390625
2022-03-24,681.7777709960938,675.0140380859375,1813.6756591796875,677.3771362304688,1657.826904296875,205.48614501953125,730.9725952148438,1167.916748046875,871.8818359375,3269.474609375,17222.75
2022-03-25,684.67333984375,669.5162963867188,1801.7745361328125,672.61572265625,1648.9085693359375,204.27667236328125,730.1133422851562,1175.70703125,865.6461791992188,3232.505615234375,17153.0
2022-03-28,707.5489501953125,670.4052734375,1822.163330078125,683.2929077148438,1646.579833984375,207.25999450683594,734.4096069335938,1187.5281982421875,869.0518188476562,3232.723876953125,17222.0
2022-03-29,728.6871337890625,679.29541015625,1833.1878662109375,688.0543212890625,1657.2119140625,205.2845458984375,738.3237915039062,1187.7998046875,881.9547729492188,3230.675537109375,17325.30078125
2022-03-30,723.4266357421875,691.0630493164062,1859.8040771484375,703.0601806640625,1672.984375,200.93052673339844,757.41796875,1210.6270751953125,883.1539916992188,3253.518798828125,17498.25
2022-03-31,728.6871337890625,687.974853515625,1890.017822265625,702.48291015625,1675.53271484375,202.0996551513672,770.0202026367188,1193.325439453125,877.5418090820312,3260.84326171875,17464.75
2022-04-01,732.1135864257812,704.655517578125,1917.23388671875,708.2063598632812,1672.633056640625,204.23634338378906,789.1143188476562,1202.8819580078125,871.7379760742188,3277.23486328125,17670.44921875
2022-04-04,741.090087890625,775.2146606445312,1963.6390380859375,718.162109375,1654.531982421875,205.9699249267578,795.9404296875,1206.4375,888.3821411132812,3287.3486328125,18053.400390625
2022-04-05,739.9318237304688,752.4981689453125,1974.1103515625,713.5449829101562,1635.33251953125,209.19512939453125,798.6614379882812,1189.3851318359375,891.3081665039062,3326.103759765625,17957.400390625
2022-04-06,748.6669921875,725.6406860351562,1976.1859130859375,713.3526000976562,1606.994873046875,209.31607055664062,790.3553466796875,1186.214599609375,890.3488159179688,3274.27001953125,17807.650390625
2022-04-07,735.8779907226562,709.6853637695312,1997.1746826171875,720.037841796875,1591.310302734375,206.93748474121094,796.5133666992188,1165.2899169921875,893.0829467773438,3212.19091796875,17639.55078125
2022-04-08,735.58837890625,708.7028198242188,2014.011474609375,725.5687866210938,1594.4735107421875,215.92776489257812,818.567138671875,1184.6746826171875,886.9912109375,3213.498779296875,17784.349609375
2022-04-11,731.67919921875,700.0466918945312,1995.5596923828125,730.6669921875,1552.252197265625,215.6858673095703,818.0419921875,1182.206298828125,887.7587280273438,3222.87158203125,17674.94921875
2022-04-12,715.849853515625,698.8067626953125,1967.14501953125,734.7550048828125,1531.075927734375,213.5088348388672,821.8130493164062,1159.945556640625,883.8253173828125,3218.250732421875,17530.30078125
2022-04-13,714.8846435546875,685.4482421875,1985.503662109375,733.2160034179688,1536.4359130859375,217.33876037597656,826.873046875,1155.6881103515625,898.6470336914062,3192.835205078125,17475.650390625
2022-04-18,704.1224975585938,652.9292602539062,2009.029296875,728.9354858398438,1424.7103271484375,217.7822723388672,834.5106811523438,1152.1551513671875,889.7732543945312,3076.087646484375,17173.650390625
2022-04-19,698.3312377929688,628.0136108398438,1949.431396484375,737.1116943359375,1372.515869140625,210.88833618164062,832.9832153320312,1196.0655517578125,884.4970092773438,3027.130859375,16958.650390625
2022-04-20,713.6297607421875,633.67529296875,1997.3128662109375,726.771240234375,1395.0985107421875,209.27574157714844,841.3368530273438,1231.234619140625,885.9359741210938,3101.15478515625,17136.55078125
2022-04-21,710.155029296875,643.0565795898438,2027.75732421875,733.3121948242188,1422.4256591796875,209.96112060546875,869.739501953125,1260.0628662109375,905.6980590820312,3163.800537109375,17392.599609375
2022-04-22,713.0506591796875,634.2835083007812,1962.2552490234375,719.172119140625,1393.1212158203125,210.5255126953125,878.9523315429688,1249.510009765625,887.1829833984375,3149.762939453125,17171.94921875
2022-04-25,713.6297607421875,639.03271484375,1938.0838623046875,723.548828125,1371.7252197265625,205.80865478515625,863.056396484375,1220.61376953125,863.391845703125,3093.656982421875,16953.94921875
2022-04-26,729.9901123046875,641.98046875,1981.9979248046875,725.039794921875,1389.2110595703125,208.7919921875,897.5693359375,1257.1416015625,880.7077026367188,3092.00048828125,17200.80078125
2022-04-27,726.3224487304688,642.2144165039062,1978.999755859375,708.6392211914062,1364.431884765625,207.62281799316406,884.8716430664062,1258.3646240234375,869.2437744140625,3104.99169921875,17038.400390625
2022-04-28,721.3515625,641.6529541015625,2068.25830078125,718.6912231445312,1390.6170654296875,210.5255126953125,881.1005249023438,1277.16064453125,883.5376586914062,3125.132080078125,17245.05078125
2022-04-29,713.2920532226562,647.8525390625,2061.80029296875,714.9877319335938,1377.3927001953125,209.27574157714844,880.3367309570312,1263.7542724609375,890.8765258789062,3092.348876953125,17102.55078125
2022-05-02,715.5602416992188,656.7893676757812,2057.786865234375,712.775390625,1354.0633544921875,212.17845153808594,879.62060546875,1259.315673828125,885.8399658203125,3088.599853515625,17069.099609375
2022-05-04,697.2694702148438,634.4706420898438,2003.4017333984375,696.6634521484375,1349.274658203125,209.43702697753906,855.5142822265625,1220.0023193359375,864.2551879882812,3033.9755859375,16677.599609375
2022-05-05,693.9395141601562,633.0435180664062,1998.8350830078125,701.0401000976562,1392.8577880859375,211.29148864746094,858.3306884765625,1196.111083984375,842.4306030273438,3063.315185546875,16682.650390625
2022-05-06,685.5421142578125,616.5033569335938,1982.7822265625,691.8538208007812,1355.68896484375,215.00050354003906,853.3662109375,1186.9393310546875,847.37109375,2992.866455078125,16411.25
2022-05-09,686.7487182617188,617.55615234375,1952.752685546875,683.2929077148438,1379.8529052734375,212.01718139648438,854.7505493164062,1140.583251953125,849.3856811523438,3003.764404296875,16301.849609375
2022-05-10,694.615234375,627.4755859375,2011.5662841796875,684.2066650390625,1364.607666015625,209.43702697753906,848.1152954101562,1120.8133544921875,826.7936401367188,2998.227783203125,16240.0498046875
2022-05-11,697.7037963867188,631.0082397460938,1995.97509765625,686.9962158203125,1341.5419921875,206.13116455078125,846.8742065429688,1109.331787109375,820.0303955078125,2974.905029296875,16167.099609375
2022-05-12,680.8609008789062,616.7843627929688,1973.187255859375,669.2970581054688,1325.7696533203125,203.91383361816406,826.0615844726562,1086.7313232421875,815.4255981445312,2971.98388671875,15808.0
2022-05-13,665.9000854492188,611.2462768554688,2024.205322265625,651.5497436523438,1321.9033203125,208.50978088378906,849.2132568359375,1099.0506591796875,846.6036987304688,2977.433349609375,15782.150390625
2022-05-16,669.0853271484375,617.754638671875,2045.5631103515625,656.984619140625,1308.45947265625,204.8814239501953,862.4359130859375,1099.3226318359375,849.5775146484375,2944.21435546875,15842.2998046875
2022-05-17,682.4534912109375,621.9674682617188,2071.164306640625,682.9561767578125,1334.2490234375,213.42820739746094,869.5484619140625,1145.497314453125,855.4773559570312,3009.431884765625,16259.2998046875
2022-05-18,671.9326782226562,621.9200439453125,2113.97119140625,680.4071044921875,1326.12109375,215.12144470214844,871.935302734375,1149.6641845703125,862.5764770507812,3006.990478515625,16240.2998046875
2022-05-19,650.7945556640625,609.2109375,2089.2001953125,664.0065307617188,1254.0245361328125,222.2572479248047,842.5780029296875,1123.16845703125,848.6182250976562,2844.0771484375,15809.400390625
2022-05-20,663.9696044921875,625.2571411132812,2145.84619140625,682.5232543945312,1278.6280517578125,225.76466369628906,862.8655395507812,1188.660400390625,878.4052734375,2871.1494140625,16266.150390625
2022-05-23,661.990966796875,617.2340698242188,2195.5263671875,683.9661865234375,1290.2705078125,221.3299560546875,899.239990234375,1180.7117919921875,884.5447998046875,2896.21630859375,16214.7001953125
2022-05-24,654.6071166992188,624.3104858398438,2130.808349609375,681.1766357421875,1266.1942138671875,218.38697814941406,903.9658203125,1184.765380859375,872.88916015625,2866.790283203125,16125.150390625
2022-05-25,664.2591552734375,628.9728393554688,2120.70654296875,686.1785888671875,1239.350341796875,219.87863159179688,886.351318359375,1183.021484375,874.1361694335938,2780.46142578125,16025.7998046875
2022-05-26,669.5195922851562,646.912353515625,2103.638671875,700.7515258789062,1251.2127685546875,220.28395080566406,887.6879272460938,1171.743896484375,863.3439331054688,2832.51318359375,16170.150390625
2022-05-27,660.5914306640625,658.9115600585938,2150.135986328125,711.62109375,1284.07568359375,222.34884643554688,909.6940307617188,1166.308837890625,867.1331787109375,2862.664306640625,16352.4501953125
2022-05-30,674.7317504882812,663.4082641601562,2167.0654296875,719.98974609375,1341.5860595703125,222.22496032714844,953.13330078125,1206.9356689453125,852.1676635742188,2962.68603515625,16661.400390625
2022-05-31,675.8418579101562,657.4441528320312,2171.0322265625,724.174072265625,1335.1925048828125,223.5464630126953,987.5027465820312,1192.3743896484375,825.5944213867188,2953.1181640625,16584.55078125
2022-06-01,670.4849243164062,660.2368774414062,2129.700927734375,723.981689453125,1312.9482421875,224.5376434326172,999.9140625,1192.75927734375,805.1128540039062,2945.086669921875,16522.75
2022-06-02,671.7396240234375,655.621826171875,2107.882568359375,721.1920166015625,1339.099609375,225.90048217773438,997.2409057617188,1233.88427734375,824.5870971679688,3004.598876953125,16628.0
2022-06-03,662.6183471679688,653.349853515625,2114.478759765625,715.9497680664062,1351.2652587890625,225.23968505859375,982.0609130859375,1258.88525390625,829.911376953125,3019.652587890625,16584.30078125
2022-06-06,659.1918334960938,652.47412109375,2103.915283203125,718.306396484375,1358.6800537109375,226.97422790527344,989.0302124023438,1253.47314453125,824.826904296875,3011.577392578125,16569.55078125
2022-06-07,661.4601440429688,644.9716796875,2040.3504638671875,707.2445068359375,1337.9451904296875,226.23086547851562,995.3314819335938,1255.828125,813.7467041015625,2951.67041015625,16416.349609375
2022-06-08,640.2254028320312,647.2437744140625,2026.9267578125,701.7134399414062,1331.9954833984375,221.2751007080078,997.67041015625,1233.7711181640625,812.7874755859375,2988.052978515625,16356.25
2022-06-09,652.8213500976562,652.1190795898438,2027.52685546875,704.8396606445312,1345.315673828125,223.71168518066406,997.7658081054688,1267.60400390625,823.91552734375,3008.1982421875,16478.099609375
2022-06-10,649.9258422851562,639.5282592773438,2029.5562744140625,692.5753173828125,1311.394287109375,223.13348388671875,989.555419921875,1229.33251953125,811.300537109375,2949.211669921875,16201.7998046875
2022-06-13,647.9471435546875,627.9315185546875,2026.788330078125,661.794189453125,1264.9517822265625,218.59071350097656,958.8137817382812,1206.0750732421875,795.7594604492188,2826.061767578125,15774.400390625
2022-06-14,658.3231201171875,621.020751953125,2002.8944091796875,659.389404296875,1279.2044677734375,219.25149536132812,973.086669921875,1190.3135986328125,791.490478515625,2818.11767578125,15732.099609375
2022-06-15,658.371337890625,618.8670043945312,1997.8218994140625,661.07275390625,1262.9093017578125,217.55825805664062,979.0535888671875,1175.9107666015625,788.852294921875,2814.387451171875,15692.150390625
2022-06-16,631.4420166015625,606.4892578125,1997.9615478515625,652.6560668945312,1240.7095947265625,215.3281707763672,959.720703125,1159.4697265625,781.465576171875,2757.94677734375,15360.599609375
2022-06-17,621.259033203125,610.4889526367188,1964.2232666015625,660.6879272460938,1231.9183349609375,217.4756622314453,952.4650268554688,1173.057373046875,761.1279296875,2711.33740234375,15293.5
2022-06-20,618.6046752929688,625.8251342773438,2043.75244140625,659.822265625,1255.7611083984375,218.13644409179688,938.192138671875,1151.7928466796875,772.5437622070312,2731.9638671875,15350.150390625
2022-06-21,631.5385131835938,632.6412963867188,2052.221923828125,669.5856323242188,1287.507080078125,222.92701721191406,952.7514038085938,1170.38525390625,784.1996459960938,2819.346435546875,15638.7998046875
2022-06-22,620.4867553710938,629.6592407226562,2050.22119140625,660.447509765625,1276.273681640625,219.12759399414062,939.2422485351562,1134.8311767578125,776.381103515625,2829.001953125,15413.2998046875
2022-06-23,637.2332763671875,631.978515625,2096.524169921875,672.5194702148438,1289.7713623046875,219.29275512695312,981.1539306640625,1116.4200439453125,791.3466186523438,2904.3583984375,15556.650390625
2022-06-24,647.8505859375,640.8062744140625,2144.269287109375,686.2747802734375,1279.6925048828125,219.58184814453125,1023.4953002929688,1132.3175048828125,791.0587158203125,2890.5771484375,15699.25
2022-06-27,660.1570434570312,641.9660034179688,2159.859130859375,690.0262451171875,1309.4405517578125,222.96829223632812,1033.6629638671875,1128.9658203125,801.6593627929688,2909.537109375,15832.0498046875
2022-06-28,657.4544677734375,637.0670166015625,2157.066650390625,683.2448120117188,1314.3690185546875,224.5376434326172,1061.6357421875,1144.840576171875,794.8960571289062,2912.565185546875,15850.2001953125
2022-06-29,663.8731079101562,636.1438598632812,2078.70068359375,675.982421875,1299.36181640625,226.35475158691406,1061.3970947265625,1168.59619140625,804.5852661132812,2888.295166015625,15799.099609375
2022-06-30,661.1222534179688,638.06103515625,2076.04833984375,680.2628173828125,1298.1629638671875,225.90048217773438,1043.6396484375,1175.6163330078125,796.8147583007812,2867.755126953125,15780.25
2022-07-01,650.0223999023438,640.7826538085938,2124.213134765625,677.0885620117188,1313.702880859375,234.86212158203125,1057.1964111328125,1090.943359375,795.5196533203125,2909.88818359375,15752.0498046875
2022-07-04,658.1784057617188,641.6820068359375,2210.62939453125,692.6714477539062,1321.3397216796875,241.09815979003906,1041.7779541015625,1093.2080078125,795.66357421875,2839.622802734375,15835.349609375
2022-07-05,660.6396484375,640.2382202148438,2235.107177734375,692.0462036132812,1310.6392822265625,236.96835327148438,1032.94677734375,1102.0626220703125,801.8031005859375,2823.164306640625,15810.849609375
2022-07-06,669.8091430664062,649.0660400390625,2325.293212890625,698.2986450195312,1324.5809326171875,238.95066833496094,1054.5234375,1092.3699951171875,803.6259765625,2862.181884765625,15989.7998046875
2022-07-07,662.9077758789062,660.6865844726562,2301.606689453125,713.7373657226562,1330.84130859375,241.13946533203125,1081.97119140625,1081.61328125,814.89794921875,2885.96923828125,16132.900390625
2022-07-08,670.967529296875,661.3018798828125,2323.8505859375,726.91552734375,1344.827392578125,242.04803466796875,1082.2574462890625,1083.1080322265625,822.8124389648438,2866.307373046875,16220.599609375
2022-07-11,637.5711059570312,665.5855712890625,2318.033935546875,740.1898803710938,1308.153076171875,243.65863037109375,1112.2833251953125,1097.8277587890625,822.3806762695312,2733.19384765625,16216.0
2022-07-12,639.9358520507812,658.793212890625,2279.828125,730.9555053710938,1277.4727783203125,241.75894165039062,1094.716552734375,1096.26513671875,816.9605712890625,2707.650390625,16058.2998046875
2022-07-13,621.1141967773438,642.723388671875,2324.68798828125,724.5106811523438,1282.6673583984375,242.8739776611328,1088.7017822265625,1076.8349609375,825.1627197265625,2667.31689453125,15966.650390625
2022-07-14,619.3284912109375,639.5046997070312,2324.73486328125,723.7412109375,1268.814697265625,240.23089599609375,1102.06005859375,1085.712158203125,844.1094360351562,2639.1552734375,15938.650390625
2022-07-15,629.12548828125,644.71142578125,2390.5361328125,722.5869750976562,1270.1466064453125,242.4609832763672,1130.849609375,1087.8182373046875,842.6703491210938,2635.502197265625,16049.2001953125
2022-07-18,639.984130859375,637.847900390625,2376.57568359375,742.5946655273438,1323.02685546875,243.90640258789062,1122.0728759765625,1097.0804443359375,846.8914794921875,2696.1396484375,16278.5
2022-07-19,649.4915161132812,638.0846557617188,2390.024169921875,750.9151611328125,1317.9208984375,243.32823181152344,1144.111083984375,1103.806396484375,839.6964111328125,2705.6005859375,16340.5498046875
2022-07-20,647.31982421875,646.1314086914062,2424.042236328125,753.2717895507812,1345.5821533203125,246.30172729492188,1124.242919921875,1133.6534423828125,832.2138061523438,2785.292724609375,16520.849609375
2022-07-21,654.7518310546875,644.0960083007812,2426.78759765625,756.0614013671875,1361.2108154296875,247.416748046875,1133.405517578125,1126.08984375,834.2763061523438,2796.293701171875,16605.25
2022-07-22,655.234375,659.1245727539062,2457.640380859375,769.576171875,1337.590087890625,248.2427215576172,1139.1439208984375,1133.6988525390625,838.9290161132812,2790.749267578125,16719.44921875
2022-07-25,654.8001708984375,661.0653076171875,2441.818603515625,770.3938598632812,1335.1925048828125,248.69705200195312,1095.50146484375,1096.242431640625,833.0292358398438,2787.008544921875,16631.0
2022-07-26,660.3018188476562,659.7161865234375,2370.619384765625,765.9690551757812,1288.6171875,249.81202697753906,1095.64599609375,1096.7406005859375,832.3577270507812,2742.25634765625,16483.849609375
2022-07-27,651.4219970703125,664.75732421875,2403.05419921875,770.0090942382812,1306.2882080078125,251.21620178222656,1097.6715087890625,1095.6990966796875,857.6358642578125,2806.45849609375,16641.80078125
2022-07-28,643.65185546875,670.650390625,2438.56103515625,783.5719604492188,1347.4468994140625,250.6380157470703,1108.3289794921875,1112.86474609375,858.4512939453125,2869.516357421875,16929.599609375
2022-07-29,654.3657836914062,678.86279296875,2454.662353515625,787.4196166992188,1376.1292724609375,250.30760192871094,1123.08544921875,1136.574951171875,904.8345947265625,2905.9521484375,17158.25
2022-08-01,673.2711181640625,684.5192260742188,2413.3388671875,792.036865234375,1377.3280029296875,253.98312377929688,1193.78173828125,1166.1956787109375,881.3312377929688,2903.2236328125,17340.05078125
2022-08-02,665.8543090820312,676.9930419921875,2452.661376953125,786.6019897460938,1370.71240234375,256.0067443847656,1209.9366455078125,1170.6343994140625,879.9401245117188,2897.06298828125,17345.44921875
2022-08-03,672.0107421875,678.5787963867188,2444.3779296875,793.3834838867188,1390.692138671875,254.52001953125,1209.1651611328125,1180.4625244140625,860.5138549804688,2939.04296875,17388.150390625
2022-08-04,673.1256713867188,677.774169921875,2445.867431640625,789.0067749023438,1420.70654296875,255.63511657714844,1216.977294921875,1164.8594970703125,881.1393432617188,2952.64111328125,17382.0
2022-08-05,682.1904907226562,675.4783935546875,2462.10791015625,806.2731323242188,1435.58056640625,256.7501525878906,1191.997314453125,1147.69384765625,878.6930541992188,2961.52880859375,17397.5
2022-08-08,682.869140625,692.0453491210938,2466.715576171875,809.9019165039062,1438.0225830078125,258.6498107910156,1231.3480224609375,1162.708251953125,873.3688354492188,2969.802001953125,17525.099609375
2022-08-10,693.4367065429688,694.0569458007812,2459.688232421875,821.3204956054688,1422.970947265625,257.0392150878906,1223.00537109375,1169.6605224609375,882.29052734375,2952.0244140625,17534.75
2022-08-11,688.1529541015625,703.2398071289062,2432.6044921875,831.9166870117188,1438.5108642578125,252.95068359375,1221.220947265625,1173.5557861328125,883.5856323242188,3012.090576171875,17659.0
2022-08-12,688.0560302734375,702.9794311523438,2415.153564453125,846.1416625976562,1415.55615234375,254.85043334960938,1214.7108154296875,1192.5328369140625,876.2947998046875,2993.65234375,17698.150390625
2022-08-16,682.6267700195312,711.0262451171875,2461.270263671875,850.8348999023438,1417.64306640625,256.5023498535156,1242.5361328125,1200.821044921875,877.3978881835938,2985.864013671875,17825.25
2022-08-17,700.9019165039062,714.694580078125,2498.638671875,854.7056274414062,1426.3453369140625,258.154296875,1228.985107421875,1207.09423828125,883.3457641601562,2993.2568359375,17944.25
2022-08-18,710.83935546875,715.5465698242188,2496.218505859375,856.4957885742188,1405.655029296875,260.7147521972656,1216.3504638671875,1209.2833251953125,879.4605102539062,2975.787109375,17956.5
2022-08-19,709.9667358398438,706.7188110351562,2452.009765625,842.2709350585938,1418.2200927734375,257.70001220703125,1195.3731689453125,1187.72216796875,867.5258178710938,2979.746826171875,17758.44921875
2022-08-22,705.4100952148438,695.9740600585938,2444.703857421875,824.7074584960938,1399.172607421875,259.6822814941406,1183.1241455078125,1184.4278564453125,847.50634765625,2952.288818359375,17490.69921875
2022-08-23,715.1051025390625,693.8203125,2413.106201171875,835.9810180664062,1369.64697265625,260.9212646484375,1227.8760986328125,1202.694580078125,855.061767578125,2890.726318359375,17577.5
2022-08-24,716.2200317382812,697.1572875976562,2408.91796875,845.0771484375,1365.2955322265625,259.43450927734375,1223.2464599609375,1199.490966796875,847.939453125,2864.98388671875,17604.94921875
2022-08-25,718.4014282226562,693.37060546875,2395.841552734375,844.1578369140625,1348.11279296875,257.9890441894531,1214.90380859375,1195.9921875,844.3783569335938,2832.28857421875,17522.44921875
2022-08-26,708.5609130859375,693.4889526367188,2393.375,842.706298828125,1351.132080078125,258.443359375,1229.370849609375,1189.6077880859375,847.1214599609375,2835.809326171875,17558.900390625
2022-08-29,698.6235961914062,681.3241577148438,2397.33056640625,828.1910400390625,1298.02978515625,258.9802551269531,1231.444580078125,1180.3609619140625,846.255126953125,2756.909912109375,17312.900390625
2022-08-30,704.4406127929688,703.4290161132812,2475.55712890625,858.6246337890625,1325.7352294921875,264.7206726074219,1262.211181640625,1198.6729736328125,859.5372924804688,2826.08447265625,17759.30078125
2022-09-01,712.6328735351562,696.8259887695312,2425.437744140625,846.0932006835938,1300.205322265625,262.32537841796875,1265.4425048828125,1163.4345703125,839.1328125,2756.162109375,17542.80078125
2022-09-02,712.5843505859375,703.1450805664062,2423.20458984375,844.2063598632812,1290.2598876953125,266.909423828125,1269.203857421875,1149.8482666015625,836.9191284179688,2755.01806640625,17539.44921875
2022-09-05,717.8197631835938,707.6654052734375,2420.412353515625,853.9315185546875,1297.630126953125,271.6174621582031,1273.640625,1167.7059326171875,851.4043579101562,2757.65771484375,17665.80078125
2022-09-06,738.0338745117188,704.9673461914062,2394.817626953125,855.0927124023438,1292.1246337890625,270.2132568359375,1259.9930419921875,1179.9974365234375,854.436279296875,2752.06982421875,17655.599609375
2022-09-07,730.13232421875,701.6304321289062,2386.906494140625,847.8834838867188,1294.38916015625,269.3460693359375,1243.8863525390625,1173.135986328125,860.2109985351562,2771.915283203125,17624.400390625
2022-09-08,746.3231201171875,708.8724975585938,2398.586669921875,869.7530517578125,1310.5950927734375,272.4847106933594,1274.9425048828125,1174.7945556640625,860.7403564453125,2789.560791015625,17798.75
2022-09-09,742.3966064453125,709.3458251953125,2409.3369140625,872.1238403320312,1342.3408203125,272.98028564453125,1255.0260009765625,1167.47900390625,856.6017456054688,2831.80517578125,17833.349609375
2022-09-12,745.6929931640625,706.9554443359375,2401.61181640625,877.8816528320312,1364.14111328125,273.3106689453125,1250.975341796875,1180.542724609375,854.3880615234375,2854.0712890625,17936.349609375
2022-09-13,760.3323974609375,716.2091674804688,2407.382080078125,880.5911865234375,1371.9111328125,276.2015075683594,1253.6756591796875,1190.403076171875,856.7461547851562,2842.101806640625,18070.05078125
2022-09-14,759.4598388671875,723.5696411132812,2393.2353515625,888.4292602539062,1310.1510009765625,276.9862060546875,1251.9398193359375,1176.135009765625,850.5863037109375,2746.216064453125,18003.75
2022-09-15,761.1564331054688,719.8065795898438,2382.9970703125,887.9454345703125,1272.3223876953125,275.9537353515625,1250.975341796875,1164.47998046875,841.4907836914062,2732.091064453125,17877.400390625
2022-09-16,755.8727416992188,706.5767822265625,2352.981689453125,879.7200927734375,1222.81640625,273.64105224609375,1205.69287109375,1135.6258544921875,835.4754638671875,2647.91162109375,17530.849609375
2022-09-19,758.8782348632812,711.2391357421875,2400.54150390625,870.14013671875,1234.5823974609375,277.1926574707031,1242.8736572265625,1137.1025390625,842.0202026367188,2665.600830078125,17622.25
2022-09-20,767.991455078125,719.8065795898438,2404.54345703125,887.1229858398438,1233.0284423828125,277.5230712890625,1256.6656494140625,1137.2841796875,877.7280883789062,2675.721923828125,17816.25
2022-09-21,756.4059448242188,718.6942749023438,2441.818603515625,885.6714477539062,1222.9940185546875,281.61151123046875,1260.234130859375,1140.4195556640625,871.3275146484375,2641.310302734375,17718.349609375
2022-09-22,760.18701171875,703.3817749023438,2506.17724609375,874.2044067382812,1214.73583984375,284.9980163574219,1263.8509521484375,1129.673095703125,873.9263305664062,2646.76708984375,17629.80078125
2022-09-23,747.8258056640625,684.5192260742188,2496.218505859375,853.7379150390625,1212.515625,286.113037109375,1227.1043701171875,1108.498291015625,886.53466796875,2624.457275390625,17327.349609375
2022-09-26,732.0228881835938,675.2890625,2476.20849609375,833.2230224609375,1225.6578369140625,274.7148132324219,1192.479736328125,1080.257568359375,866.9002075195312,2635.325927734375,17016.30078125
2022-09-27,737.4036865234375,669.2303466796875,2493.61279296875,824.997802734375,1237.468505859375,276.5732116699219,1191.8526611328125,1088.845703125,863.4833984375,2655.612060546875,17007.400390625
2022-09-28,738.227783203125,657.7282104492188,2514.879638671875,822.0462646484375,1238.489501953125,268.3962097167969,1198.2664794921875,1059.8551025390625,883.4066162109375,2671.6298828125,16858.599609375
2022-09-29,741.3302001953125,654.3201293945312,2513.43701171875,816.6272583007812,1241.9970703125,275.0864562988281,1213.6500244140625,1056.6063232421875,895.7744750976562,2637.878173828125,16818.099609375
2022-09-30,775.505126953125,672.7803344726562,2509.620849609375,834.142333984375,1255.139404296875,274.38433837890625,1223.1500244140625,1080.4393310546875,913.0508422851562,2644.259033203125,17094.349609375
2022-10-03,778.849853515625,668.922607421875,2440.794677734375,820.9334716796875,1237.64599609375,267.94189453125,1206.898681640625,1076.690673828125,909.0565795898438,2627.009033203125,16887.349609375
2022-10-04,784.0368041992188,687.7615966796875,2483.095947265625,839.6097412109375,1269.302978515625,274.9212646484375,1215.578857421875,1096.5477294921875,909.104736328125,2720.473876953125,17274.30078125
2022-10-06,764.5497436523438,680.1881103515625,2432.8837890625,856.83447265625,1292.1690673828125,278.0599060058594,1212.25146484375,1100.5916748046875,918.1038208007812,2729.978515625,17331.80078125
2022-10-07,768.9124755859375,677.2534790039062,2419.574462890625,854.0281982421875,1288.6614990234375,275.9537353515625,1194.8426513671875,1105.2493896484375,919.306884765625,2697.371826171875,17314.650390625
2022-10-10,768.1854248046875,669.7747192382812,2425.065673828125,853.2540893554688,1298.8291015625,270.7915344238281,1198.8450927734375,1093.18505859375,910.5484008789062,2744.588623046875,17241.0
2022-10-11,756.5028686523438,662.9822998046875,2373.9228515625,842.46435546875,1264.330322265625,269.51123046875,1185.873046875,1071.41943359375,909.2971801757812,2701.46435546875,16983.55078125
2022-10-12,751.8977661132812,667.3132934570312,2411.802978515625,840.287109375,1268.6815185546875,272.64990234375,1203.5711669921875,1079.3033447265625,919.69189453125,2728.923828125,17123.599609375
2022-10-13,745.4505615234375,659.645263671875,2388.58154296875,826.0137939453125,1260.8673095703125,271.4522705078125,1203.8603515625,1082.7340087890625,932.0597534179688,2731.167236328125,17014.349609375
2022-10-14,742.5905151367188,681.1348266601562,2397.33056640625,842.125732421875,1309.1298828125,274.30181884765625,1186.596435546875,1077.2357177734375,939.6632080078125,2727.5146484375,17185.69921875
2022-10-17,742.6390380859375,684.7085571289062,2411.05859375,856.5925903320312,1323.0712890625,274.42572021484375,1186.3070068359375,1094.5255126953125,943.2244262695312,2745.691650390625,17311.80078125
2022-10-18,759.2659912109375,683.4305419921875,2421.947509765625,867.91455078125,1335.2813720703125,281.0746765136719,1209.2615966796875,1113.83740234375,941.63623046875,2774.765380859375,17486.94921875
2022-10-19,759.50830078125,690.4359741210938,2404.03173828125,863.2695922851562,1319.075439453125,286.07177734375,1204.0533447265625,1133.2174072265625,940.24072265625,2754.603759765625,17512.25
2022-10-20,768.7186279296875,685.7735595703125,2420.691162109375,859.93115234375,1332.7947998046875,288.8387451171875,1205.5965576171875,1136.2618408203125,943.5610961914062,2785.883544921875,17563.94921875
2022-10-21,773.1298217773438,680.9454345703125,2470.01904296875,877.833251953125,1332.439697265625,285.4523010253906,1212.106689453125,1123.0843505859375,941.0107421875,2768.32421875,17576.30078125
2022-10-24,777.637939453125,691.5719604492188,2394.817626953125,896.3643798828125,1347.846435546875,287.1868591308594,1225.80224609375,1126.8331298828125,949.9617309570312,2789.765625,17730.75
2022-10-25,777.8319702148438,686.7675170898438,2331.80810546875,895.1546630859375,1355.3499755859375,286.0304870605469,1235.881103515625,1109.4298095703125,954.3409423828125,2790.118896484375,17656.349609375
2022-10-27,792.1805419921875,688.4241943359375,2344.46630859375,894.5257568359375,1368.0523681640625,285.6175537109375,1248.17822265625,1113.7918701171875,973.686767578125,2785.9716796875,17736.94921875
2022-10-28,791.9381713867188,690.4595336914062,2349.352294921875,878.5105590820312,1358.447021484375,285.6175537109375,1265.056640625,1147.8717041015625,952.8489990234375,2791.133544921875,17786.80078125
2022-10-31,806.6261596679688,708.4464721679688,2373.969482421875,879.3331909179688,1380.3509521484375,288.0127868652344,1300.69384765625,1158.52734375,978.7396850585938,2817.516357421875,18012.19921875
2022-11-01,810.06787109375,716.2802734375,2390.928955078125,879.236328125,1412.084716796875,288.67352294921875,1305.9503173828125,1149.552978515625,997.7003784179688,2876.237548828125,18145.400390625
2022-11-02,785.1516723632812,716.7298583984375,2359.540771484375,875.4623413085938,1394.4000244140625,292.92724609375,1304.3106689453125,1156.7322998046875,1012.4744873046875,2860.3544921875,18082.849609375
2022-11-03,793.6832885742188,713.5822143554688,2385.822021484375,879.2847900390625,1374.1566162109375,292.1426086425781,1287.9630126953125,1161.049072265625,1005.0150146484375,2829.515625,18052.69921875
2022-11-04,791.5018920898438,708.6594848632812,2361.461181640625,876.04296875,1359.120361328125,292.05999755859375,1290.760009765625,1178.1343994140625,1000.8765869140625,2838.913330078125,18117.150390625
2022-11-07,797.6098022460938,714.1738891601562,2373.1259765625,887.8487548828125,1353.240234375,291.9774169921875,1303.298095703125,1184.4278564453125,989.7599487304688,2853.295654296875,18202.80078125
2022-11-09,794.0711059570312,713.9608764648438,2350.639404296875,881.074951171875,1356.6065673828125,297.92431640625,1290.03662109375,1183.2464599609375,975.515380859375,2837.721923828125,18157.0
2022-11-10,800.5667724609375,721.7236938476562,2355.13671875,881.2684936523438,1348.3031005859375,294.04229736328125,1252.084228515625,1168.932861328125,972.7242431640625,2828.545166015625,18028.19921875
2022-11-11,801.6817626953125,762.6201171875,2345.251708984375,877.2525634765625,1409.4813232421875,294.3313903808594,1241.378662109375,1195.878662109375,975.515380859375,2925.869873046875,18349.69921875
2022-11-14,796.834228515625,764.4661254882812,2302.8544921875,866.027587890625,1423.1265869140625,286.7738342285156,1232.74658203125,1190.0849609375,978.7396850585938,2943.12060546875,18329.150390625
2022-11-15,809.7770385742188,766.3358154296875,2302.573486328125,882.2362060546875,1430.9365234375,285.1632080078125,1245.815185546875,1184.7459716796875,977.9215698242188,2940.561767578125,18403.400390625
2022-11-16,815.5455932617188,772.915283203125,2321.640625,884.0747680664062,1438.8363037109375,284.21337890625,1240.9927978515625,1177.95263671875,980.4240112304688,2960.6357421875,18409.650390625
2022-11-17,820.3446044921875,765.9335327148438,2304.915771484375,890.0744018554688,1425.0115966796875,283.8829650878906,1214.6142578125,1180.9971923828125,975.3228149414062,2955.0322265625,18343.900390625
2022-11-18,811.7645263671875,763.921875,2327.12158203125,890.6065673828125,1430.39794921875,281.6941833496094,1183.5582275390625,1180.3609619140625,971.713623046875,2950.134765625,18307.650390625
2022-11-21,825.2406616210938,756.0880737304688,2343.705810546875,891.6227416992188,1407.77587890625,278.5141906738281,1174.974365234375,1159.1180419921875,965.505615234375,2897.23779296875,18159.94921875
2022-11-22,821.7503662109375,754.9757080078125,2357.104248046875,893.848388671875,1422.902099609375,281.03338623046875,1184.8121337890625,1165.547607421875,972.1948852539062,2924.987548828125,18244.19921875
2022-11-23,817.5331420898438,756.9401245117188,2349.281005859375,897.4771728515625,1421.196533203125,280.6617431640625,1191.804443359375,1161.9124755859375,979.4615478515625,2919.120361328125,18267.25
2022-11-24,822.4774780273438,769.2468872070312,2388.4453125,908.5087280273438,1463.0743408203125,281.4464111328125,1209.502685546875,1171.931884765625,996.2566528320312,2982.517333984375,18484.099609375
2022-11-25,821.0233154296875,765.6968383789062,2377.483154296875,900.235107421875,1468.32568359375,281.0746765136719,1216.012939453125,1189.4261474609375,995.0536499023438,2990.900146484375,18512.75
2022-11-28,811.8615112304688,757.4607543945312,2366.00537109375,907.1056518554688,1457.328857421875,280.8681945800781,1206.2716064453125,1230.299072265625,995.9198608398438,2995.84130859375,18562.75
2022-11-29,810.3587036132812,756.32470703125,2468.133544921875,916.1534423828125,1462.4010009765625,282.72662353515625,1212.4442138671875,1232.4119873046875,1010.453125,2997.69384765625,18618.05078125
2022-11-30,822.8652954101562,761.3421020507812,2515.122314453125,922.104736328125,1467.697265625,280.826904296875,1259.2215576171875,1241.1136474609375,1006.7958374023438,2991.9150390625,18758.349609375
2022-12-01,822.7198486328125,766.572509765625,2494.977783203125,909.8151245117188,1487.5814208984375,280.4552307128906,1247.5030517578125,1237.4556884765625,1007.1806640625,3066.782958984375,18812.5
2022-12-02,822.7683715820312,760.703125,2450.238037109375,900.5253295898438,1470.345703125,278.472900390625,1219.677978515625,1236.93310546875,1000.9728393554688,3034.5771484375,18696.099609375
2022-12-05,818.3571166992188,763.4721069335938,2454.688232421875,903.4283447265625,1472.00634765625,278.142578125,1215.0484619140625,1218.893798828125,1000.3953247070312,3022.885498046875,18701.05078125
2022-12-06,807.9349365234375,762.6201171875,2487.200927734375,892.8323364257812,1447.903076171875,278.5968322753906,1218.18310546875,1222.4151611328125,994.7650146484375,2987.106201171875,18642.75
2022-12-07,808.5651245117188,762.2887573242188,2536.672119140625,892.3484497070312,1441.260009765625,280.9095153808594,1221.6068115234375,1204.375732421875,979.5577392578125,2982.915283203125,18560.5
2022-12-08,807.2078857421875,766.572509765625,2534.891845703125,901.7833251953125,1454.4114990234375,279.50537109375,1229.08154296875,1203.8076171875,943.994384765625,2956.399658203125,18609.349609375
2022-12-09,809.4376831054688,772.0396118164062,2550.633056640625,899.8479614257812,1408.7633056640625,281.9832763671875,1220.4495849609375,1185.5638427734375,955.5922241210938,2905.399169921875,18496.599609375
2022-12-12,803.135986328125,778.051025390625,2545.947998046875,900.235107421875,1388.9239501953125,283.469970703125,1219.099365234375,1187.38134765625,950.3466796875,2899.840576171875,18497.150390625
2022-12-13,812.4916381835938,780.2047119140625,2539.436279296875,902.7994384765625,1411.3216552734375,285.4523010253906,1237.76171875,1192.7886962890625,957.3246459960938,2940.120361328125,18608.0
2022-12-14,803.9115600585938,786.8076782226562,2515.4033203125,891.9613647460938,1417.830078125,285.2870788574219,1240.7515869140625,1188.471923828125,962.7144165039062,2969.458984375,18660.30078125
2022-12-15,801.1484375,772.3945922851562,2495.352294921875,879.4298706054688,1382.909423828125,279.8771057128906,1241.23388671875,1171.5909423828125,964.59130859375,2916.296142578125,18414.900390625
2022-12-16,797.6582641601562,776.1102905273438,2502.89501953125,872.849609375,1366.4813232421875,276.77972412109375,1207.1396484375,1165.7974853515625,956.3621826171875,2859.074951171875,18269.0
2022-12-19,814.7699584960938,778.5243530273438,2546.74462890625,877.1558837890625,1353.150634765625,281.2398986816406,1244.8026123046875,1181.1107177734375,950.8760986328125,2825.369140625,18420.44921875
2022-12-20,803.6692504882812,773.1519165039062,2505.940185546875,880.3008422851562,1353.1058349609375,280.9508361816406,1229.9495849609375,1191.3345947265625,951.2610473632812,2862.340087890625,18385.30078125
2022-12-21,789.1751098632812,765.6731567382812,2498.116455078125,863.4147338867188,1355.1256103515625,276.82098388671875,1220.73876953125,1174.3856201171875,967.8635864257812,2884.046142578125,18199.099609375
2022-12-22,791.6958618164062,763.046142578125,2478.5810546875,861.8665161132812,1366.346923828125,274.5909118652344,1190.1165771484375,1171.3411865234375,972.7242431640625,2876.237548828125,18127.349609375
2022-12-23,783.98828125,756.2300415039062,2455.859619140625,850.4961547851562,1343.94921875,269.84161376953125,1181.0987548828125,1136.9888916015625,963.9656372070312,2848.5751953125,17806.80078125
2022-12-26,786.2666015625,771.2821655273438,2452.43994140625,864.3341064453125,1348.70703125,276.36669921875,1193.1065673828125,1146.9173583984375,962.5220947265625,2870.237060546875,18014.599609375
2022-12-27,789.9507446289062,772.063232421875,2429.764892578125,871.5433349609375,1359.8834228515625,275.1690979003906,1190.406005859375,1156.300537109375,962.6182861328125,2876.060302734375,18132.30078125
2022-12-28,779.2861328125,771.4479370117188,2420.7236328125,869.8982543945312,1355.664306640625,276.2015075683594,1207.863037109375,1156.1871337890625,957.6614379882812,2873.943115234375,18122.5
2022-12-29,795.71923828125,776.8912963867188,2406.154052734375,878.7041015625,1362.3072509765625,276.9862060546875,1217.5079345703125,1155.6646728515625,963.003173828125,2884.22216796875,18191.0
2022-12-30,781.5160522460938,770.6668701171875,2399.595458984375,862.0599365234375,1353.9136962890625,273.8475341796875,1204.824951171875,1157.4365234375,963.8212890625,2873.590087890625,18105.30078125
2023-01-02,788.6903686523438,770.92724609375,2397.112548828125,873.2850952148438,1368.0972900390625,274.9212646484375,1217.989990234375,1170.477783203125,959.58642578125,2877.78125,18197.44921875
2023-01-03,792.6653442382812,775.9682006835938,2381.79296875,872.2206420898438,1366.7957763671875,273.4758605957031,1204.9215087890625,1161.9124755859375,971.2322998046875,2921.811279296875,18232.55078125
2023-01-04,787.042236328125,762.0994873046875,2376.218505859375,870.0433349609375,1341.884521484375,270.0894470214844,1192.286865234375,1144.418212890625,966.419921875,2924.722900390625,18042.94921875
2023-01-05,782.4854736328125,757.2003173828125,2420.8173828125,850.7380981445312,1324.2894287109375,275.4168701171875,1208.1524658203125,1142.373291015625,978.0658569335938,2921.5908203125,17992.150390625
2023-01-06,771.7240600585938,754.691650390625,2414.0244140625,841.98046875,1300.3209228515625,276.7384033203125,1219.96728515625,1152.7564697265625,970.8473510742188,2833.7509765625,17859.44921875
2023-01-09,794.4104614257812,756.1589965820312,2458.6240234375,845.1255493164062,1332.5931396484375,279.2162780761719,1263.802734375,1179.974609375,978.6915283203125,2929.3994140625,18101.19921875
2023-01-10,768.6701049804688,742.3375854492188,2477.175537109375,833.5133666992188,1319.3970947265625,275.37554931640625,1268.191162109375,1162.5260009765625,973.879150390625,2899.796142578125,17914.150390625
2023-01-11,742.2026977539062,753.0350341796875,2429.764892578125,838.3034057617188,1320.74365234375,274.0540466308594,1265.9727783203125,1147.8717041015625,989.4231567382812,2937.1201171875,17895.69921875
2023-01-12,733.8165893554688,757.0584106445312,2426.76708984375,832.8359985351562,1329.13720703125,272.44342041015625,1273.0135498046875,1123.0843505859375,994.0911254882812,2942.105712890625,17858.19921875
2023-01-13,740.9908447265625,757.6500244140625,2458.57666015625,845.2223510742188,1349.8291015625,271.5348205566406,1280.9703369140625,1121.2667236328125,992.8880004882812,2977.576416015625,17956.599609375
2023-01-16,735.9978637695312,750.3843383789062,2433.372802734375,837.287353515625,1369.4439697265625,272.7325134277344,1268.8663330078125,1110.58837890625,996.5935668945312,3008.710205078125,17894.849609375
2023-01-17,742.34814453125,761.5550537109375,2499.38134765625,837.1905517578125,1382.0115966796875,274.42572021484375,1273.9296875,1126.3560791015625,993.9465942382812,3048.732177734375,18053.30078125
2023-01-18,752.8672485351562,774.9979858398438,2516.85546875,841.39990234375,1387.30810546875,276.40802001953125,1275.18359375,1124.492919921875,1001.069091796875,3059.2001953125,18165.349609375
2023-01-19,748.4560546875,778.216552734375,2482.703369140625,838.1582641601562,1381.472900390625,274.3431396484375,1272.676025390625,1123.288818359375,1001.502197265625,3043.94921875,18107.849609375
2023-01-20,741.1362915039062,786.1923217773438,2388.071044921875,842.2224731445312,1369.4888916015625,276.36669921875,1268.04638671875,1109.9296875,991.6849365234375,3034.925048828125,18027.650390625
2023-01-23,749.1346435546875,791.9434814453125,2432.716796875,843.5288696289062,1389.642333984375,278.9684753417969,1281.259765625,1104.3177490234375,1009.9239501953125,3081.670654296875,18118.55078125
2023-01-24,751.99462890625,802.5463256835938,2436.55810546875,842.609619140625,1393.143310546875,279.95965576171875,1276.8714599609375,1097.7972412109375,1001.6464233398438,3100.982421875,18118.30078125
2023-01-25,752.8187866210938,780.3703002929688,2457.03125,827.6588745117188,1385.15380859375,280.2074890136719,1264.911865234375,1082.6202392578125,1001.0211181640625,3095.07177734375,17891.94921875
2023-01-27,750.8797607421875,764.8211669921875,2447.4736328125,790.790283203125,1363.74365234375,285.7826843261719,1273.302734375,1062.081787109375,1004.2451782226562,3078.19580078125,17604.349609375
2023-01-30,746.7108764648438,764.0401000976562,2406.24755859375,796.8865356445312,1381.3834228515625,284.7915954589844,1284.2978515625,1072.2603759765625,1012.2338256835938,3098.5908203125,17648.94921875
2023-01-31,746.807861328125,758.9990844726562,2414.305419921875,805.01513671875,1376.85009765625,291.0275573730469,1329.77294921875,1069.579345703125,995.6791381835938,3030.954345703125,17662.150390625
2023-02-01,745.6444091796875,770.3828735351562,2411.96337890625,820.5464477539062,1392.425048828125,298.5025329589844,1304.021484375,1063.2406005859375,976.814697265625,3075.75927734375,17616.30078125
2023-02-02,754.0307006835938,758.9280395507812,2468.7431640625,830.1749267578125,1421.735107421875,312.70904541015625,1304.3590087890625,1057.3560791015625,969.7886962890625,3122.73095703125,17610.400390625
2023-02-03,768.7186279296875,785.1748046875,2481.766357421875,835.8841552734375,1435.7841796875,314.4022216796875,1338.6944580078125,1058.2874755859375,989.5675659179688,3142.493896484375,17854.05078125
2023-02-06,765.179931640625,781.8375854492188,2471.3193359375,826.1105346679688,1409.2568359375,316.6736755371094,1327.12060546875,1050.3128662109375,984.9476318359375,3122.324462890625,17764.599609375
2023-02-07,761.9320678710938,782.997314453125,2437.214111328125,825.1913452148438,1402.569091796875,308.2901306152344,1318.1510009765625,1047.791015625,968.6337280273438,3133.69482421875,17721.5
2023-02-08,751.46142578125,782.9026489257812,2419.973876953125,831.3359985351562,1427.7945556640625,310.1898498535156,1324.275634765625,1068.7159423828125,982.3064575195312,3176.605224609375,17871.69921875
2023-02-09,743.2691650390625,781.2696533203125,2423.628173828125,832.9811401367188,1451.5836181640625,309.1161193847656,1323.4554443359375,1070.5789794921875,976.2942504882812,3195.330322265625,17893.44921875
2023-02-10,748.4075927734375,784.3699951171875,2415.00830078125,826.2556762695312,1443.9981689453125,306.7208251953125,1316.9453125,1061.763671875,976.100341796875,3192.3525390625,17856.5
2023-02-13,745.15966796875,784.9617309570312,2418.287841796875,823.1591796875,1407.1025390625,309.07476806640625,1304.937744140625,1055.72021484375,984.4883422851562,3142.583740234375,17770.900390625
2023-02-14,751.5584106445312,792.2274780273438,2416.97607421875,837.335693359375,1430.2630615234375,319.1928405761719,1314.72705078125,1080.598388671875,976.2457885742188,3158.556640625,17929.849609375
2023-02-15,761.4473876953125,790.6182250976562,2387.78955078125,842.6578979492188,1433.674560546875,320.8559265136719,1330.3516845703125,1105.0675048828125,965.23974609375,3177.10107421875,18015.849609375
2023-02-16,760.5263061523438,787.7544555664062,2367.78564453125,841.3516235351562,1437.9385986328125,321.1497497558594,1319.549560546875,1104.2042236328125,964.997314453125,3210.851806640625,18035.849609375
2023-02-17,753.109619140625,783.8020629882812,2356.9169921875,834.7713623046875,1421.7799072265625,321.86334228515625,1293.8463134765625,1108.8162841796875,954.6699829101562,3159.504150390625,17944.19921875
2023-02-20,755.3880004882812,776.4415893554688,2353.12255859375,824.562255859375,1429.544921875,322.4089660644531,1298.427490234375,1097.093017578125,954.572998046875,3147.005859375,17844.599609375
2023-02-21,755.2909545898438,779.3526000976562,2357.52587890625,826.5944213867188,1417.9197998046875,320.89788818359375,1303.82861328125,1106.044677734375,942.1608276367188,3114.248046875,17826.69921875
2023-02-22,748.6014404296875,764.0638427734375,2336.819580078125,812.1275634765625,1402.030517578125,322.2410888671875,1272.8687744140625,1080.9619140625,939.2031860351562,3069.623291015625,17554.30078125
2023-02-23,739.6820678710938,758.8807373046875,2333.633544921875,812.6114501953125,1392.0660400390625,325.38922119140625,1267.27490234375,1075.7816162109375,943.0335693359375,3080.677978515625,17511.25
2023-02-24,734.0104370117188,752.1119384765625,2327.59033203125,812.5630493164062,1392.021240234375,323.29046630859375,1234.7237548828125,1083.1429443359375,941.0941772460938,3068.63037109375,17465.80078125
2023-02-27,729.9384765625,753.9817504882812,2312.5517578125,828.7233276367188,1354.9013671875,320.8559265136719,1212.7337646484375,1075.9407958984375,935.8092651367188,3006.724365234375,17392.69921875
2023-02-28,719.6133422851562,757.1530151367188,2305.524658203125,827.223388671875,1335.376220703125,316.23870849609375,1224.500244140625,1055.356689453125,927.6153564453125,2989.578857421875,17303.94921875
2023-03-01,727.3208618164062,756.41943359375,2310.771728515625,828.6265258789062,1343.0067138671875,317.917724609375,1226.9598388671875,1065.0579833984375,930.2335205078125,3055.320068359375,17450.900390625
2023-03-02,717.5288696289062,749.98193359375,2300.55908203125,826.4009399414062,1321.551513671875,315.2732849121094,1207.091552734375,1056.9471435546875,936.0517578125,2997.33935546875,17321.900390625
2023-03-03,741.0877685546875,764.8685302734375,2315.22216796875,840.4806518554688,1327.9700927734375,323.16455078125,1223.5357666015625,1083.9154052734375,937.6033325195312,3016.019287109375,17594.349609375
2023-03-06,743.2206420898438,770.2645263671875,2328.198974609375,839.70654296875,1353.240234375,325.8509216308594,1225.3201904296875,1094.5028076171875,936.0032348632812,3042.8212890625,17711.44921875
2023-03-08,743.1722412109375,771.8029174804688,2328.433349609375,843.9158325195312,1339.999267578125,329.4188232421875,1244.12744140625,1098.4334716796875,928.488037109375,3059.560791015625,17754.400390625
2023-03-09,749.8133544921875,771.8738403320312,2306.22705078125,828.2879028320312,1328.95751953125,325.3052978515625,1203.812255859375,1072.032958984375,923.8335571289062,3011.237060546875,17589.599609375
2023-03-10,750.1526489257812,751.9700317382812,2310.02197265625,815.417724609375,1321.0130615234375,325.72503662109375,1183.1241455078125,1055.4248046875,926.59716796875,3005.95751953125,17412.900390625
2023-03-13,741.9603271484375,742.4558715820312,2300.324462890625,801.628173828125,1288.291748046875,322.0732116699219,1151.055419921875,1038.0670166015625,925.1909790039062,2961.69384765625,17154.30078125
2023-03-14,748.2620849609375,740.4678344726562,2288.47216796875,803.5151977539062,1274.7364501953125,318.7571716308594,1119.5653076171875,1034.181884765625,928.1971435546875,2901.231689453125,17043.30078125
2023-03-15,733.5740966796875,729.8413696289062,2254.413818359375,799.208984375,1274.4222412109375,318.50537109375,1119.131103515625,1016.505859375,922.5729370117188,2886.748046875,16972.150390625
2023-03-16,723.200439453125,734.5747680664062,2304.306640625,797.273681640625,1260.4630126953125,320.226318359375,1125.59326171875,1011.4393310546875,938.0880737304688,2874.20458984375,16985.599609375
2023-03-17,734.1558227539062,744.3965454101562,2293.110107421875,809.2245483398438,1275.3648681640625,315.2732849121094,1129.8851318359375,1010.1671142578125,928.6820068359375,2869.06103515625,17100.05078125
2023-03-20,731.780517578125,739.2371826171875,2352.8876953125,809.4180908203125,1260.058837890625,318.0016174316406,1126.171875,1000.2384643554688,932.0759887695312,2836.573486328125,16988.400390625
2023-03-21,733.864990234375,747.615234375,2307.352294921875,824.8526000976562,1248.4337158203125,316.44854736328125,1119.0828857421875,1031.341796875,927.2276000976562,2803.00341796875,17107.5
2023-03-22,733.6226196289062,745.8875122070312,2320.235107421875,832.4005737304688,1247.132080078125,317.12017822265625,1122.7479248046875,1034.477294921875,942.59716796875,2825.293212890625,17151.900390625
2023-03-23,740.263671875,739.8998413085938,2328.433349609375,827.8040771484375,1233.9359130859375,319.5547180175781,1123.5677490234375,1021.3908081054688,948.027587890625,2819.743408203125,17076.900390625
2023-03-24,739.197265625,738.716552734375,2324.404296875,824.8526000976562,1239.411865234375,317.917724609375,1109.92041015625,1001.1699829101562,943.373046875,2815.998046875,16945.05078125
2023-03-27,738.5186157226562,741.9351806640625,2341.45703125,821.2721557617188,1246.86279296875,319.17694091796875,1097.4786376953125,1016.7329711914062,953.6517944335938,2817.622802734375,16985.69921875
2023-03-28,725.6242065429688,747.9702758789062,2326.278564453125,827.126708984375,1236.6737060546875,318.7991638183594,1088.2197265625,1021.4815673828125,954.379150390625,2811.847412109375,16951.69921875
2023-03-29,720.9220581054688,751.567626953125,2371.29931640625,823.497802734375,1242.01513671875,321.3176574707031,1103.6513671875,1015.4381103515625,961.8458862304688,2832.6025390625,17080.69921875
2023-03-31,726.1574096679688,761.86279296875,2398.939697265625,848.8994750976562,1281.873046875,321.947265625,1117.5396728515625,1059.2191162109375,953.3124389648438,2893.06494140625,17359.75
2023-04-03,737.3551635742188,762.3361206054688,2376.218505859375,855.23779296875,1266.5223388671875,318.0855712890625,1128.342041015625,1059.40087890625,949.3851318359375,2887.740966796875,17398.05078125
2023-04-05,740.166748046875,782.7843627929688,2419.92724609375,856.0119018554688,1277.9234619140625,324.3818054199219,1114.4051513671875,1056.8563232421875,966.9367065429688,2923.657470703125,17557.05078125
2023-04-06,742.5905151367188,788.7484130859375,2403.530517578125,846.7222290039062,1276.44189453125,325.1793212890625,1129.64404296875,1063.9447021484375,981.4336547851562,2906.420654296875,17599.150390625
2023-04-10,746.2745971679688,785.0090942382812,2372.517333984375,840.3839721679688,1281.5587158203125,326.18670654296875,1146.3775634765625,1056.4017333984375,978.039794921875,2944.9541015625,17624.05078125
2023-04-11,750.54052734375,787.3048095703125,2387.1337890625,853.3992309570312,1262.3033447265625,332.4410095214844,1159.01220703125,1061.6273193359375,978.670166015625,2900.1943359375,17722.30078125
2023-04-12,747.5834350585938,797.5289306640625,2369.51904296875,861.3826293945312,1282.187255859375,330.38421630859375,1164.46142578125,1066.3077392578125,985.8944091796875,2925.32666015625,17812.400390625
2023-04-13,743.6569213867188,801.1025390625,2376.311767578125,869.9465942382812,1247.087158203125,332.105224609375,1161.7611083984375,1070.3291015625,973.0943603515625,2877.67919921875,17828.0
2023-04-17,736.4827270507812,788.8904418945312,2390.9755859375,872.1723022460938,1129.578125,335.9248962402344,1169.8626708984375,1075.759033203125,968.4397583007812,2833.144287109375,17706.849609375
2023-04-18,736.57958984375,785.5534057617188,2380.856201171875,867.865966796875,1130.5206298828125,334.53973388671875,1161.9056396484375,1063.4449462890625,974.3548583984375,2825.248291015625,17660.150390625
2023-04-19,741.3302001953125,788.4407348632812,2372.001953125,863.0760498046875,1106.1478271484375,334.7496032714844,1172.322021484375,1068.7386474609375,965.3367919921875,2788.113525390625,17618.75
2023-04-20,748.7468872070312,791.3754272460938,2335.46044921875,865.4953002929688,1098.2484130859375,336.0509033203125,1175.31201171875,1066.034912109375,957.8215942382812,2801.830322265625,17624.44921875
2023-04-21,741.8633422851562,792.6534423828125,2340.473388671875,857.028076171875,1101.7943115234375,342.72479248046875,1169.6697998046875,1067.3756103515625,959.4700927734375,2852.410888671875,17624.05078125
2023-04-24,737.0642700195312,799.0673217773438,2342.16015625,875.5108032226562,1100.8515625,343.1025695800781,1164.8472900390625,1071.465087890625,949.4821166992188,2864.999755859375,17743.400390625
2023-04-25,749.0377197265625,787.7070922851562,2333.446044921875,883.9296264648438,1099.5947265625,345.49517822265625,1166.8726806640625,1079.666748046875,943.0335693359375,2866.082763671875,17769.25
2023-04-26,749.86181640625,791.3281860351562,2352.512939453125,885.3811645507812,1101.9736328125,346.08282470703125,1170.4415283203125,1073.328125,941.8214721679688,2886.071044921875,17813.599609375
2023-04-27,762.5137939453125,795.6828002929688,2313.30126953125,888.6712036132812,1118.7606201171875,349.2309875488281,1180.5201416015625,1080.1212158203125,949.0457763671875,2876.866455078125,17915.05078125
2023-04-28,774.9234619140625,798.806884765625,2302.385986328125,887.993896484375,1124.5958251953125,357.2481384277344,1183.3170166015625,1099.8646240234375,957.7245483398438,2905.112060546875,18065.0
2023-05-02,766.1010131835938,798.6411743164062,2297.138916015625,892.300048828125,1146.7689208984375,356.32470703125,1193.34765625,1109.2025146484375,943.5669555664062,2905.24755859375,18147.650390625
2023-05-03,755.5333862304688,801.4338989257812,2329.2763671875,893.0257568359375,1139.318115234375,358.5913391113281,1191.5634765625,1099.682861328125,934.4032592773438,2869.60205078125,18089.849609375
2023-05-04,765.0344848632812,817.8350830078125,2348.71826171875,891.9130859375,1143.2679443359375,356.45062255859375,1187.9466552734375,1112.3607177734375,944.4880981445312,2906.420654296875,18255.80078125
2023-05-05,763.2893676757812,769.4835205078125,2343.0966796875,896.9932861328125,1130.2962646484375,359.9345703125,1168.1748046875,1109.5205078125,941.0457763671875,2915.445068359375,18069.0
2023-05-08,769.542724609375,778.3822631835938,2357.666259765625,907.5894775390625,1136.131103515625,362.201171875,1188.0430908203125,1123.2205810546875,932.7062377929688,2933.4033203125,18264.400390625
2023-05-09,769.3972778320312,778.4059448242188,2357.197998046875,904.20263671875,1140.709716796875,355.7790222167969,1201.2081298828125,1126.69677734375,928.4396362304688,2962.867431640625,18265.94921875
2023-05-10,771.7724609375,782.0033569335938,2363.66259765625,905.7992553710938,1134.021484375,357.08026123046875,1204.2945556640625,1134.4443359375,924.9002685546875,2966.07080078125,18315.099609375
2023-05-11,764.5497436523438,782.5239868164062,2428.968994140625,908.847412109375,1127.6029052734375,352.92474365234375,1206.8504638671875,1127.03759765625,931.9304809570312,2961.8740234375,18297.0
2023-05-12,767.797607421875,789.4347534179688,2458.014404296875,913.3955688476562,1117.818115234375,352.96673583984375,1230.6246337890625,1128.8779296875,927.0336303710938,2954.790283203125,18314.80078125
2023-05-15,772.7420654296875,793.2215576171875,2494.41552734375,915.185791015625,1129.6229248046875,359.13702392578125,1239.980224609375,1131.1043701171875,924.1244506835938,2937.41943359375,18398.849609375
2023-05-16,763.337890625,788.6731567382812,2507.204833984375,915.7662963867188,1134.9642333984375,355.9049377441406,1217.604248046875,1114.9962158203125,912.4395751953125,2940.216064453125,18286.5
2023-05-17,768.0884399414062,784.4360961914062,2493.947021484375,908.9926147460938,1119.34423828125,358.9690856933594,1218.231201171875,1108.407470703125,907.591064453125,2895.59130859375,18181.75
2023-05-18,774.9718627929688,787.572021484375,2461.903564453125,915.9115600585938,1118.536376953125,352.33709716796875,1201.2564697265625,1106.0218505859375,901.48193359375,2887.605224609375,18129.94921875
2023-05-19,781.1766967773438,788.4817504882812,2474.926513671875,923.4594116210938,1139.09375,352.4629821777344,1215.627197265625,1109.611572265625,897.797119140625,2908.360595703125,18203.400390625
2023-05-22,777.3956298828125,785.6809692382812,2471.7880859375,919.6370849609375,1160.548828125,356.5765686035156,1220.59423828125,1115.5413818359375,909.0455932617188,2976.8095703125,18314.400390625
2023-05-23,775.5536499023438,783.837646484375,2462.605712890625,922.5885620117188,1167.0570068359375,360.2703552246094,1223.4876708984375,1115.3367919921875,903.3728637695312,2975.320068359375,18348.0
2023-05-24,776.9594116210938,773.5921020507812,2450.09716796875,910.2505493164062,1165.8004150390625,363.9221496582031,1230.383544921875,1108.8388671875,923.3002319335938,2981.00537109375,18285.400390625
2023-05-25,797.6098022460938,770.6236572265625,2433.51318359375,909.4763793945312,1170.9171142578125,370.34429931640625,1232.4090576171875,1108.70263671875,916.3668823242188,2972.11669921875,18321.150390625
2023-05-26,793.004638671875,773.5921020507812,2485.139404296875,919.9757690429688,1182.677001953125,372.4010314941406,1236.3150634765625,1138.94287109375,940.5123901367188,3004.0625,18499.349609375
2023-05-29,796.2039794921875,783.0237426757812,2483.21875,917.50830078125,1179.9390869140625,377.018310546875,1282.8994140625,1145.3497314453125,939.1063842773438,2996.346923828125,18598.650390625
2023-05-30,793.4893798828125,783.6222534179688,2489.074951171875,919.2500610351562,1188.42236328125,386.17340087890625,1281.259765625,1145.0543212890625,930.5245361328125,2992.6015625,18633.849609375
2023-05-31,823.9803466796875,771.22216796875,2499.38134765625,918.4758911132812,1183.440185546875,382.39666748046875,1272.1453857421875,1122.3118896484375,945.7972412109375,2968.50732421875,18534.400390625
2023-06-01,802.6995849609375,767.9425659179688,2527.818115234375,905.8475341796875,1184.517333984375,377.418212890625,1272.049072265625,1119.2899169921875,957.7731323242188,2999.640380859375,18487.75
2023-06-02,810.9888916015625,769.1395263671875,2545.432373046875,907.8313598632812,1181.7880859375,380.5941162109375,1293.749755859375,1115.6322021484375,969.3124389648438,2983.036376953125,18534.099609375
2023-06-05,809.0499877929688,768.1340942382812,2525.8505859375,916.1534423828125,1186.791748046875,378.233642578125,1345.83154296875,1125.6517333984375,978.1852416992188,2967.9658203125,18593.849609375
2023-06-06,804.1539306640625,765.7402954101562,2521.493408203125,911.6536865234375,1163.5927734375,380.0791320800781,1361.070068359375,1126.6058349609375,983.0821533203125,2916.888916015625,18599.0
2023-06-07,818.5025634765625,769.7140502929688,2544.9638671875,909.8151245117188,1172.644775390625,381.06622314453125,1356.4407958984375,1135.148681640625,983.8579711914062,2955.33154296875,18726.400390625
2023-06-08,810.504150390625,770.1927490234375,2510.952392578125,907.5894775390625,1167.0498046875,380.1649475097656,1331.991455078125,1135.8302001953125,957.09423828125,2920.634033203125,18634.55078125
2023-06-09,808.0803833007812,771.1024169921875,2470.0078125,907.7345581054688,1151.72021484375,376.3453063964844,1321.9608154296875,1127.7872314453125,954.1366577148438,2896.133056640625,18563.400390625
2023-06-12,810.8434448242188,766.4105224609375,2476.800537109375,905.7025146484375,1175.374267578125,375.0577392578125,1332.328857421875,1128.7869873046875,955.5912475585938,2930.064208984375,18601.5
2023-06-13,808.904541015625,767.7031860351562,2507.204833984375,913.0568237304688,1187.1102294921875,382.3108215332031,1324.3719482421875,1145.46337890625,958.160888671875,2927.176513671875,18716.150390625
2023-06-14,802.6995849609375,766.8653564453125,2528.6142578125,909.4280395507812,1183.061767578125,381.538330078125,1329.676513671875,1159.549560546875,956.8033447265625,2933.80908203125,18755.900390625
2023-06-15,804.3963623046875,757.4336547851562,2520.134765625,896.6546630859375,1170.6890869140625,384.6283874511719,1343.275634765625,1159.86767578125,958.4518432617188,2924.035888671875,18688.099609375
2023-06-16,812.249267578125,767.3441162109375,2544.448974609375,904.0090942382812,1175.101318359375,388.9201965332031,1353.9813232421875,1171.15966796875,961.9427490234375,2886.397705078125,18826.0
2023-06-19,802.8936767578125,768.014404296875,2534.625,893.3162231445312,1177.2393798828125,389.3493347167969,1352.7276611328125,1159.5269775390625,971.4458618164062,2918.671875,18755.44921875
2023-06-20,805.8505859375,769.6182861328125,2527.87109375,895.6385498046875,1185.7911376953125,388.7055969238281,1346.84423828125,1161.9351806640625,961.894287109375,2934.39990234375,18816.69921875
2023-06-21,813.4126586914062,783.0715942382812,2528.34326171875,894.8160400390625,1182.1064453125,383.72711181640625,1325.4327392578125,1165.2069091796875,961.8458862304688,2962.12841796875,18856.849609375
2023-06-22,817.0967407226562,786.9017944335938,2507.325927734375,895.8320922851562,1165.9127197265625,384.24212646484375,1329.7247314453125,1152.1202392578125,960.2942504882812,2944.21875,18771.25
2023-06-23,828.7308349609375,786.8538818359375,2495.2822265625,893.6548461914062,1150.85595703125,381.7529296875,1324.4683837890625,1142.691650390625,961.4094848632812,2924.081298828125,18665.5
2023-06-26,825.9677124023438,783.0476684570312,2505.200439453125,897.4771728515625,1155.72314453125,382.5683288574219,1348.001708984375,1133.9671630859375,964.8033447265625,2899.807373046875,18691.19921875
2023-06-27,838.5228271484375,794.0833129882812,2504.491943359375,905.8475341796875,1163.729248046875,382.0533142089844,1352.5830078125,1134.376220703125,971.4458618164062,2906.807861328125,18817.400390625
2023-06-28,845.6002197265625,802.4856567382812,2513.84375,907.1539916992188,1176.64794921875,385.70135498046875,1345.44580078125,1149.3939208984375,990.83984375,2923.263427734375,18972.099609375
2023-06-30,851.950439453125,814.5745239257812,2529.807373046875,904.3960571289062,1214.9945068359375,387.6326904296875,1401.964111328125,1158.822509765625,1019.7368774414062,3002.175048828125,19189.05078125
2023-07-03,852.338134765625,823.3838500976562,2551.43896484375,912.0891723632812,1213.3568115234375,397.6324157714844,1415.804443359375,1188.5628662109375,1001.409423828125,2974.94775390625,19322.55078125
2023-07-04,838.7652587890625,827.4053955078125,2550.447265625,914.169677734375,1223.7738037109375,400.2933349609375,1412.4285888671875,1176.31689453125,1017.021728515625,3008.176025390625,19389.0
2023-07-05,840.2194213867188,801.1212158203125,2603.20361328125,927.0398559570312,1225.7298583984375,407.8039245605469,1422.9415283203125,1174.3856201171875,1013.0458984375,3018.26708984375,19398.5
2023-07-06,843.1279296875,801.93505859375,2604.384521484375,928.3946533203125,1222.6365966796875,406.7738952636719,1493.7823486328125,1199.03662109375,1010.91259765625,3020.948974609375,19497.30078125
2023-07-07,843.903564453125,794.945068359375,2548.652587890625,915.814697265625,1210.1727294921875,402.052978515625,1508.587158203125,1196.6964111328125,1004.318603515625,3026.722412109375,19331.80078125
2023-07-10,858.397705078125,793.0538940429688,2509.404296875,917.7501220703125,1209.217529296875,399.8641662597656,1496.2899169921875,1242.794921875,1013.3368530273438,2974.629150390625,19355.900390625
2023-07-11,864.6993408203125,789.1998291015625,2535.8056640625,914.41162109375,1226.9124755859375,406.13018798828125,1513.69873046875,1256.2677001953125,1039.7611083984375,2975.038330078125,19439.400390625
2023-07-12,862.808837890625,781.8028564453125,2525.556884765625,913.87939453125,1212.9931640625,405.4005432128906,1515.0489501953125,1257.6536865234375,1046.064208984375,2963.673583984375,19384.30078125
2023-07-13,858.0582275390625,785.7047729492188,2507.65625,924.8141479492188,1241.9237060546875,405.14306640625,1511.2393798828125,1246.4072265625,1043.0582275390625,3036.995361328125,19413.75
2023-07-14,859.4640502929688,787.3326416015625,2528.626708984375,929.0236206054688,1297.282958984375,405.91558837890625,1507.24365234375,1245.3623046875,1040.4398193359375,3195.27490234375,19564.5
2023-07-17,851.3202514648438,803.80224609375,2533.160888671875,937.3941040039062,1294.5538330078125,405.4434509277344,1497.254150390625,1270.8084716796875,1044.9490966796875,3174.41015625,19711.44921875
2023-07-18,848.7510986328125,803.1319580078125,2534.199951171875,943.9259643554688,1342.089111328125,405.57220458984375,1495.69482421875,1281.600341796875,1034.81591796875,3179.09228515625,19749.25
2023-07-19,844.1944580078125,806.7705688476562,2523.620361328125,941.9906005859375,1341.861572265625,411.0227966308594,1505.1968994140625,1291.3243408203125,1049.0703125,3154.727783203125,19833.150390625
2023-07-20,857.8643798828125,808.5181274414062,2553.51708984375,963.4246826171875,1318.7081298828125,422.4388732910156,1506.073974609375,1289.760498046875,1064.3916015625,3156.779052734375,19979.150390625
2023-07-21,858.9793090820312,802.2940673828125,2459.764892578125,964.7794799804688,1211.446533203125,420.97967529296875,1484.7794189453125,1249.834716796875,1063.9066162109375,3070.18701171875,19745.0
2023-07-24,861.063720703125,803.5628662109375,2437.329833984375,959.9410400390625,1215.995361328125,404.5850830078125,1507.535888671875,1224.5548095703125,1067.0582275390625,3094.296142578125,19672.349609375
2023-07-25,856.7009887695312,812.2764282226562,2425.900390625,962.5538330078125,1214.1756591796875,396.8170166015625,1525.95556640625,1223.767333984375,1061.8704833984375,3098.30615234375,19680.599609375
2023-07-26,862.2755737304688,809.45166015625,2440.2109375,964.2472534179688,1227.139892578125,405.3576354980469,1505.5867919921875,1243.65625,1078.306884765625,3088.416259765625,19778.30078125
2023-07-27,867.8502807617188,801.0493774414062,2427.50634765625,958.2476196289062,1231.0521240234375,399.177490234375,1410.6134033203125,1232.087158203125,1100.5614013671875,3096.255126953125,19659.900390625
2023-07-28,867.8016967773438,786.8538818359375,2441.439208984375,964.00537109375,1219.54345703125,402.0959167480469,1430.4951171875,1244.4686279296875,1107.957275390625,3058.428466796875,19646.05078125
2023-07-31,862.7603759765625,790.5403442382812,2418.95751953125,966.0374755859375,1233.371826171875,399.73541259765625,1437.7069091796875,1255.00390625,1112.6767578125,3118.6328125,19753.80078125
2023-08-01,864.45703125,795.8306884765625,2409.794921875,962.40869140625,1242.0145263671875,398.962890625,1455.3956298828125,1237.25634765625,1112.7255859375,3146.5244140625,19733.55078125
2023-08-02,851.3202514648438,785.4176025390625,2426.65576171875,955.0543212890625,1234.418212890625,394.92864990234375,1447.5504150390625,1224.0380859375,1104.745849609375,3136.13330078125,19526.55078125
2023-08-03,845.1154174804688,779.7442626953125,2409.983642578125,933.8136596679688,1241.19580078125,391.45233154296875,1431.810791015625,1218.8935546875,1110.3414306640625,3099.03564453125,19381.650390625
2023-08-04,862.5180053710938,791.0191650390625,2404.97705078125,939.1359252929688,1253.9781494140625,390.5080871582031,1427.425048828125,1235.45947265625,1108.3465576171875,3138.776611328125,19517.0
2023-08-07,864.2146606445312,790.5643310546875,2426.892333984375,944.1195068359375,1267.3062744140625,390.4652099609375,1488.093017578125,1242.4996337890625,1129.609375,3175.6923828125,19597.30078125
2023-08-08,858.397705078125,789.9180297851562,2423.727783203125,948.2321166992188,1264.7587890625,388.2763977050781,1461.584228515625,1235.016357421875,1117.785888671875,3163.4326171875,19570.849609375
2023-08-09,856.7494506835938,790.2052612304688,2410.833740234375,949.0126953125,1268.579833984375,393.6840515136719,1495.7435302734375,1243.1639404296875,1121.824462890625,3156.049560546875,19632.55078125
2023-08-10,848.120849609375,783.1912231445312,2396.192138671875,940.6220703125,1263.7581787109375,387.7613525390625,1506.122802734375,1248.702392578125,1119.3917236328125,3137.455078125,19543.099609375
2023-08-11,847.8773803710938,775.0283813476562,2363.2255859375,929.6460571289062,1248.064697265625,385.18634033203125,1507.14599609375,1253.969970703125,1101.923828125,3143.56201171875,19428.30078125
2023-08-14,844.4684448242188,771.24609375,2392.791748046875,936.182861328125,1267.806640625,385.5725402832031,1507.535888671875,1268.788330078125,1103.772705078125,3144.51953125,19434.55078125
2023-08-16,834.631591796875,768.9957885742188,2411.211669921875,933.2071533203125,1290.50537109375,386.47381591796875,1530.682373046875,1267.7545166015625,1112.920166015625,3152.312255859375,19465.0
2023-08-17,834.3880615234375,764.73486328125,2402.37939453125,928.4752807617188,1284.1824951171875,378.53411865234375,1533.5086669921875,1249.465576171875,1114.0394287109375,3131.667236328125,19365.25
2023-08-18,833.9498291015625,761.598876953125,2413.24267578125,927.4996337890625,1263.4852294921875,379.09197998046875,1513.1885986328125,1258.7208251953125,1104.4053955078125,3069.0927734375,19310.150390625
2023-08-21,849.240966796875,761.00048828125,2420.79931640625,931.9387817382812,1278.58740234375,384.37091064453125,1499.4468994140625,1244.986328125,1106.8382568359375,3100.5849609375,19393.599609375
2023-08-22,854.79248046875,757.7448120117188,2423.6806640625,928.8167724609375,1277.0863037109375,389.9072265625,1511.0931396484375,1244.68994140625,1106.9840087890625,3082.81103515625,19396.44921875
2023-08-23,845.5399169921875,759.6119995117188,2431.473388671875,943.3051147460938,1280.9071044921875,386.6455078125,1503.247802734375,1246.0732421875,1093.506103515625,3097.48583984375,19444.0
2023-08-24,846.8060302734375,756.1170043945312,2438.274658203125,945.3539428710938,1295.1451416015625,387.0317687988281,1503.0040283203125,1225.1259765625,1088.2513427734375,3087.915283203125,19386.69921875
2023-08-25,850.7505493164062,747.594970703125,2421.55517578125,946.7686157226562,1291.9609375,380.5511779785156,1481.4171142578125,1219.46923828125,1076.5736083984375,3082.0361328125,19265.80078125
2023-08-28,847.6824951171875,755.3749389648438,2414.139892578125,946.9149780273438,1287.91259765625,378.87738037109375,1509.875,1207.315673828125,1086.9862060546875,3076.794921875,19306.05078125
2023-08-29,832.9271240234375,761.3834838867188,2386.226318359375,944.1832275390625,1289.7320556640625,377.76153564453125,1521.1800537109375,1195.755126953125,1081.7314453125,3077.341796875,19342.650390625
2023-08-30,835.4107055664062,755.8297119140625,2391.705322265625,935.5487060546875,1305.653076171875,380.0791320800781,1542.962158203125,1194.6187744140625,1084.942626953125,3090.831787109375,19347.44921875
2023-08-31,834.0958862304688,752.3587036132812,2366.295654296875,935.4024047851562,1305.9259033203125,377.418212890625,1535.3603515625,1189.1595458984375,1081.7314453125,3059.704345703125,19253.80078125
2023-09-01,843.3971557617188,753.9146728515625,2366.059326171875,945.1100463867188,1313.5679931640625,378.57696533203125,1551.48974609375,1191.9508056640625,1079.201171875,3080.122314453125,19435.30078125
2023-09-04,842.7640991210938,758.6305541992188,2362.84765625,943.7929077148438,1332.9005126953125,375.52984619140625,1536.3349609375,1190.987548828125,1079.10400390625,3115.9443359375,19528.80078125
2023-09-05,843.3484497070312,754.010498046875,2368.184814453125,944.8173828125,1345.4552001953125,380.33660888671875,1531.2183837890625,1197.3607177734375,1101.48583984375,3125.833740234375,19574.900390625
2023-09-06,857.3734130859375,763.873046875,2383.7236328125,934.182861328125,1344.135986328125,384.0704345703125,1536.919677734375,1199.88037109375,1111.655029296875,3126.33447265625,19611.05078125
2023-09-07,852.503662109375,771.22216796875,2368.562255859375,942.1343383789062,1333.9013671875,382.739990234375,1525.95556640625,1201.5106201171875,1102.60498046875,3149.441162109375,19727.05078125
2023-09-08,862.7788696289062,777.230712890625,2374.560791015625,946.9149780273438,1336.994384765625,379.95037841796875,1527.7099609375,1209.51416015625,1100.0748291015625,3137.2724609375,19819.94921875
2023-09-11,867.5999755859375,781.2523803710938,2395.767333984375,954.4274291992188,1343.2261962890625,383.8558654785156,1541.89013671875,1222.556884765625,1106.3515625,3172.5927734375,19996.349609375
2023-09-12,867.2103881835938,783.694091796875,2360.439208984375,966.379150390625,1365.652099609375,387.246337890625,1518.3538818359375,1204.89501953125,1114.477294921875,3263.879638671875,19993.19921875
2023-09-13,891.3158569335938,787.0454711914062,2367.712646484375,965.6961669921875,1363.1502685546875,389.26348876953125,1497.8875732421875,1210.9222412109375,1117.883056640625,3252.075439453125,20070.0
2023-09-14,891.1209716796875,786.566650390625,2362.28076171875,963.6473999023438,1370.9742431640625,386.2162780761719,1526.1993408203125,1212.03369140625,1113.066162109375,3244.9658203125,20103.099609375
2023-09-15,911.7688598632812,795.5914306640625,2332.903564453125,968.2816772460938,1375.2047119140625,384.84295654296875,1560.4071044921875,1214.28173828125,1118.9049072265625,3279.830322265625,20192.349609375
2023-09-18,896.2342529296875,779.9357299804688,2350.8037109375,966.0864868164062,1357.19140625,388.0188903808594,1599.731689453125,1203.709228515625,1116.8126220703125,3286.98583984375,20133.30078125
2023-09-20,886.981689453125,748.648193359375,2330.21142578125,963.1107788085938,1355.7811279296875,388.7914123535156,1592.470947265625,1176.882568359375,1122.1649169921875,3286.89501953125,19901.400390625
2023-09-21,894.0428466796875,743.6930541992188,2336.351318359375,935.93896484375,1366.2435302734375,384.1134033203125,1543.0108642578125,1168.3111572265625,1115.35302734375,3267.9814453125,19742.349609375
2023-09-22,887.6634521484375,732.3462524414062,2344.947265625,927.1580810546875,1361.148681640625,380.33660888671875,1566.303466796875,1163.44482421875,1101.923828125,3284.706787109375,19674.25
2023-09-25,886.6895141601562,732.9925537109375,2338.713134765625,933.060791015625,1341.1337890625,379.9074401855469,1549.05322265625,1156.2811279296875,1093.8468017578125,3260.552490234375,19674.55078125
2023-09-26,888.9296264648438,736.1763916015625,2341.64111328125,925.59716796875,1328.8519287109375,379.7786560058594,1554.6571044921875,1157.2938232421875,1095.5985107421875,3268.345458984375,19664.69921875
2023-09-27,896.282958984375,731.0056762695312,2363.17822265625,920.1334228515625,1334.62890625,385.5296325683594,1548.8095703125,1170.3365478515625,1109.3194580078125,3271.62744140625,19716.44921875
2023-09-28,901.5423583984375,729.4974975585938,2324.071533203125,919.6456298828125,1309.565185546875,378.31951904296875,1516.502197265625,1153.1439208984375,1101.875244140625,3223.727783203125,19523.55078125
2023-09-29,902.2728271484375,730.742431640625,2329.030517578125,928.7191772460938,1305.9259033203125,381.4524841308594,1514.7479248046875,1158.529052734375,1127.51708984375,3216.299560546875,19638.30078125
2023-10-03,901.2014770507812,722.0048828125,2332.147705078125,917.4016723632812,1304.606689453125,377.461181640625,1498.326171875,1145.2637939453125,1110.779296875,3202.855224609375,19528.75
2023-10-04,900.1787719726562,732.2984008789062,2368.9404296875,907.4012451171875,1314.022705078125,374.328125,1483.4149169921875,1143.2877197265625,1093.6036376953125,3224.639404296875,19436.099609375
2023-10-05,904.6589965820312,735.2667236328125,2379.9921875,917.938232421875,1331.3992919921875,374.28521728515625,1498.862060546875,1143.2630615234375,1089.0299072265625,3271.6728515625,19545.75
2023-10-06,901.9319458007812,734.4528198242188,2360.958251953125,922.182373046875,1345.2734375,379.52117919921875,1509.4852294921875,1145.1898193359375,1097.009521484375,3300.88623046875,19653.5
2023-10-09,900.470947265625,725.9307250976562,2372.199462890625,915.7431030273438,1342.31640625,378.06201171875,1476.6903076171875,1135.4324951171875,1092.8736572265625,3316.33544921875,19512.349609375
2023-10-10,923.651123046875,730.048095703125,2376.82763671875,928.0362548828125,1360.2391357421875,381.4524841308594,1498.7646484375,1140.447021484375,1096.2310791015625,3307.72216796875,19689.849609375
2023-10-11,930.7123413085938,737.1099853515625,2414.801025390625,929.8899536132812,1359.556640625,384.7571716308594,1516.745849609375,1158.5537109375,1098.420654296875,3290.40380859375,19811.349609375
2023-10-12,925.5990600585938,742.0173950195312,2415.36767578125,931.011962890625,1333.264404296875,386.860107421875,1526.832763671875,1160.7027587890625,1100.0262451171875,3229.014404296875,19794.0
2023-10-13,929.3488159179688,735.2667236328125,2427.1279296875,928.1337280273438,1302.0137939453125,384.84295654296875,1522.7393798828125,1160.653564453125,1114.52587890625,3254.81005859375,19751.05078125
2023-10-16,921.8980102539062,732.3223266601562,2416.595947265625,928.2313842773438,1304.7431640625,385.35797119140625,1534.531982421875,1158.0596923828125,1104.79443359375,3212.15234375,19731.75
2023-10-17,928.8131713867188,737.8759765625,2414.565185546875,930.6704711914062,1312.294189453125,389.2205810546875,1536.52978515625,1163.5928955078125,1106.2542724609375,3196.65673828125,19811.5
2023-10-18,928.0339965820312,727.6063842773438,2407.102783203125,920.7677001953125,1310.565673828125,387.675537109375,1534.8243408203125,1148.1541748046875,1122.408203125,3178.609130859375,19671.099609375
2023-10-19,918.3917846679688,725.308349609375,2406.961181640625,912.9624633789062,1304.288330078125,386.6025695800781,1529.6590576171875,1139.33544921875,1110.827880859375,3157.9560546875,19624.69921875
2023-10-20,920.5831909179688,729.0667114257812,2356.943603515625,910.0355834960938,1298.4658203125,376.2165222167969,1518.6461181640625,1135.8525390625,1111.5091552734375,3193.504638671875,19542.650390625
2023-10-23,914.8368530273438,721.04736328125,2345.93896484375,907.3037109375,1281.5440673828125,374.1564636230469,1525.3709716796875,1118.116455078125,1092.289794921875,3116.37548828125,19281.75
2023-10-25,898.5717163085938,716.47509765625,2340.08251953125,893.7909545898438,1262.560302734375,371.40972900390625,1529.220458984375,1115.5225830078125,1090.197509765625,3098.052734375,19122.150390625
2023-10-26,881.9171752929688,700.6279907226562,2339.232421875,886.5224609375,1252.7919921875,372.8260498046875,1467.8216552734375,1099.9849853515625,1074.0435791015625,3049.298583984375,18857.25
2023-10-27,890.7801513671875,703.380859375,2344.5693359375,890.5225830078125,1272.052001953125,372.3110046386719,1472.4022216796875,1119.40087890625,1081.4393310546875,3062.27587890625,19047.25
2023-10-30,902.126708984375,711.0171508789062,2341.59375,902.376708984375,1269.01123046875,369.47845458984375,1459.732666015625,1142.4725341796875,1085.2344970703125,3087.498291015625,19140.900390625
2023-10-31,890.5853271484375,706.8997802734375,2346.4111328125,893.0592041015625,1261.039794921875,367.71881103515625,1421.52880859375,1130.3192138671875,1059.349365234375,3078.54248046875,19079.599609375
2023-11-01,889.66015625,705.9421997070312,2335.3125,891.7908935546875,1247.90771484375,367.4613342285156,1417.6304931640625,1135.0125732421875,1086.2076416015625,3043.72412109375,18989.150390625
2023-11-02,899.7891845703125,707.01953125,2366.284912109375,897.5472412109375,1262.6524658203125,370.07928466796875,1432.3468017578125,1146.2767333984375,1102.4102783203125,3070.6376953125,19133.25
2023-11-03,906.509521484375,710.370849609375,2387.64697265625,911.0599365234375,1280.0697021484375,371.8818054199219,1431.66455078125,1146.0296630859375,1110.4385986328125,3062.2294921875,19230.599609375
2023-11-06,914.7394409179688,715.5176391601562,2376.37109375,922.42626953125,1293.20166015625,373.6843566894531,1450.4739990234375,1155.564697265625,1119.099365234375,3089.05126953125,19411.75
2023-11-07,912.7428588867188,712.0465698242188,2375.46728515625,925.0116577148438,1294.1231689453125,371.40972900390625,1442.141357421875,1148.0552978515625,1139.4866943359375,3080.095458984375,19406.69921875
2023-11-08,912.3532104492188,714.1052856445312,2397.25732421875,912.9624633789062,1281.8665771484375,375.0577392578125,1449.5970458984375,1154.0330810546875,1145.0819091796875,3090.239501953125,19443.5
2023-11-09,908.0678100585938,711.280517578125,2356.674072265625,914.5234985351562,1266.9376220703125,372.8689270019531,1512.6038818359375,1141.50927734375,1144.5955810546875,3059.076904296875,19395.30078125
2023-11-10,911.1358032226562,714.0812377929688,2366.047119140625,915.7431030273438,1261.4544677734375,374.71441650390625,1485.3642578125,1143.658203125,1147.660888671875,3046.283203125,19425.349609375
2023-11-13,910.6488037109375,712.7886352539062,2358.0537109375,911.6941528320312,1265.7857666015625,374.2423095703125,1501.103759765625,1143.5101318359375,1146.152587890625,3044.546630859375,19443.55078125
2023-11-15,925.2581787109375,720.2573852539062,2365.904052734375,918.18212890625,1299.8365478515625,379.3495178222656,1504.9046630859375,1164.185791015625,1149.1693115234375,3111.030029296875,19675.44921875
2023-11-16,924.8199462890625,722.1484985351562,2370.4716796875,913.2063598632812,1331.5377197265625,376.5169372558594,1529.6103515625,1166.285400390625,1157.5869140625,3196.52099609375,19765.19921875
2023-11-17,922.6284790039062,720.5924682617188,2406.249267578125,899.4009399414062,1324.764404296875,377.0319519042969,1544.27783203125,1163.7412109375,1162.5010986328125,3200.72412109375,19731.80078125
2023-11-20,936.3612670898438,720.640380859375,2384.982177734375,899.0107421875,1323.8887939453125,374.928955078125,1512.75,1160.67822265625,1156.0784912109375,3216.396728515625,19694.0
2023-11-21,945.5651245117188,726.74462890625,2383.840576171875,903.5474853515625,1326.1005859375,374.4568786621094,1520.108154296875,1175.2769775390625,1169.118408203125,3207.806640625,19783.400390625
2023-11-22,944.4937744140625,724.1593627929688,2399.683837890625,900.279052734375,1343.4256591796875,377.418212890625,1504.2222900390625,1179.8717041015625,1171.745849609375,3226.037841796875,19811.849609375
2023-11-23,951.214111328125,728.3485107421875,2397.780517578125,900.52294921875,1335.546630859375,377.97613525390625,1506.5614013671875,1183.4781494140625,1166.58837890625,3206.0244140625,19802.0
2023-11-24,947.8052368164062,733.5191650390625,2393.308349609375,906.7671508789062,1324.6263427734375,375.787353515625,1513.724609375,1182.6876220703125,1163.328125,3159.281005859375,19794.69921875
2023-11-28,959.249267578125,731.867431640625,2388.8837890625,902.9620361328125,1329.5103759765625,373.5985107421875,1526.248046875,1182.9346923828125,1159.33837890625,3171.206787109375,19889.69921875
2023-11-29,969.4757690429688,746.4698486328125,2402.68115234375,916.7186889648438,1345.08447265625,375.2723693847656,1577.94970703125,1186.047119140625,1169.89697265625,3211.05078125,20096.599609375
2023-11-30,988.273193359375,746.3023071289062,2422.1875,912.1820068359375,1340.983642578125,374.07061767578125,1605.87158203125,1174.5606689453125,1192.911376953125,3187.15380859375,20133.150390625
2023-12-01,988.273193359375,744.674560546875,2439.410400390625,923.6458129882812,1338.3572998046875,386.0876159667969,1584.18701171875,1182.88525390625,1198.166259765625,3209.131103515625,20267.900390625
2023-12-04,1005.9992065429688,770.5279541015625,2476.187255859375,967.0621337890625,1349.461669921875,389.7356262207031,1614.740234375,1195.680908203125,1198.0692138671875,3209.86279296875,20686.80078125
2023-12-05,1004.2459716796875,777.374267578125,2439.030029296875,988.7703247070312,1339.877685546875,387.7613525390625,1643.1981201171875,1204.351318359375,1206.243408203125,3227.36328125,20855.099609375
2023-12-06,997.7691040039062,779.3372802734375,2443.216552734375,978.8186645507812,1358.63134765625,397.6324157714844,1659.132568359375,1215.8873291015625,1207.0216064453125,3293.617431640625,20937.69921875
2023-12-07,973.9559936523438,780.6058959960938,2396.21044921875,974.6721801757812,1350.8902587890625,393.2119445800781,1649.63037109375,1213.886474609375,1206.0001220703125,3303.487060546875,20901.150390625
2023-12-08,974.1994018554688,791.4978637695312,2400.064208984375,986.2335815429688,1374.1593017578125,385.5296325683594,1626.1429443359375,1213.2442626953125,1202.5941162109375,3314.27001953125,20969.400390625
2023-12-11,974.7837524414062,790.4446411132812,2382.318115234375,992.3314208984375,1371.717041015625,388.3621520996094,1610.2083740234375,1215.022705078125,1208.043701171875,3329.07470703125,20997.099609375
2023-12-12,969.3296508789062,782.5928955078125,2381.461669921875,990.9655151367188,1360.243896484375,388.9201965332031,1593.83544921875,1197.5831298828125,1185.2723388671875,3355.75927734375,20906.400390625
2023-12-13,973.858642578125,780.8214111328125,2390.168212890625,989.2093505859375,1335.316162109375,391.1089782714844,1623.803955078125,1202.4739990234375,1199.9666748046875,3283.9765625,20926.349609375
2023-12-14,979.0205078125,790.0376586914062,2394.40283203125,1008.4783935546875,1383.6510009765625,394.92864990234375,1660.2532958984375,1217.39404296875,1198.215087890625,3351.326904296875,21182.69921875
2023-12-15,966.699951171875,793.101806640625,2400.635009765625,1012.1370849609375,1454.5638427734375,393.2977294921875,1681.109375,1232.931884765625,1202.54541015625,3528.386474609375,21456.650390625
2023-12-18,964.4598999023438,792.69482421875,2412.624755859375,996.5755004882812,1441.6160888671875,387.675537109375,1667.319091796875,1245.48046875,1219.0885009765625,3526.740966796875,21418.650390625
2023-12-19,962.7067260742188,791.3543090820312,2436.603515625,990.7216186523438,1436.0408935546875,391.4952392578125,1656.1600341796875,1263.809326171875,1211.498291015625,3487.44580078125,21453.099609375
2023-12-20,946.2469482421875,793.3171997070312,2433.55859375,982.1359252929688,1415.8590087890625,387.11761474609375,1605.0919189453125,1248.518798828125,1199.042236328125,3454.409912109375,21150.150390625
2023-12-21,952.4315795898438,807.53662109375,2429.466796875,979.9407348632812,1415.4903564453125,387.50384521484375,1592.3248291015625,1266.0079345703125,1200.35595703125,3461.217529296875,21255.05078125
2023-12-22,963.7781372070312,799.9481811523438,2450.781494140625,970.086669921875,1440.2799072265625,390.72271728515625,1592.714599609375,1267.242919921875,1210.233154296875,3494.57373046875,21349.400390625
2023-12-26,973.8098754882812,805.5018920898438,2459.488037109375,970.8671264648438,1422.8165283203125,391.7956237792969,1620.0030517578125,1273.66552734375,1213.979736328125,3468.57470703125,21441.349609375
2023-12-27,994.6038818359375,815.4841918945312,2481.89697265625,977.8430786132812,1444.1502685546875,392.3535461425781,1645.0498046875,1278.0130615234375,1218.7967529296875,3482.876220703125,21654.75
2023-12-28,1009.7001342773438,816.4177856445312,2506.160888671875,981.4041748046875,1440.049560546875,398.3620910644531,1690.367919921875,1287.2515869140625,1228.236083984375,3472.5498046875,21778.69921875
2023-12-29,1005.3172607421875,818.3328247070312,2534.849853515625,972.33056640625,1421.8489990234375,396.6453552246094,1685.4464111328125,1277.074462890625,1225.608642578125,3466.609130859375,21731.400390625
2024-01-01,986.6660766601562,812.9945678710938,2526.095703125,975.0625,1429.63623046875,401.75250244140625,1660.009765625,1279.6929931640625,1226.386962890625,3482.784912109375,21741.900390625
2024-01-02,995.0908203125,813.4733276367188,2487.13037109375,958.3301391601562,1414.0159912109375,403.7267761230469,1614.106689453125,1290.2900390625,1261.37109375,3457.28857421875,21665.80078125
2024-01-03,1008.2391357421875,800.9296264648438,2480.231689453125,960.0862426757812,1373.099365234375,409.6494140625,1613.180908203125,1276.25927734375,1263.706787109375,3373.716552734375,21517.349609375
2024-01-04,1020.6084594726562,809.5234985351562,2466.909912109375,963.1107788085938,1394.0184326171875,408.9197998046875,1599.975341796875,1282.8546142578125,1277.6710205078125,3350.916015625,21658.599609375
2024-01-05,1019.34228515625,805.3822021484375,2493.077392578125,969.501220703125,1412.31103515625,406.81683349609375,1600.2677001953125,1288.3138427734375,1265.2635498046875,3415.890625,21710.80078125
2024-01-08,1021.7285766601562,796.4052734375,2453.30322265625,958.086181640625,1403.326171875,399.56378173828125,1575.07470703125,1278.26025390625,1270.2266845703125,3361.425048828125,21513.0
2024-01-09,1036.776123046875,790.2052612304688,2454.730224609375,955.8909912109375,1409.3160400390625,398.7482604980469,1588.4752197265625,1274.8758544921875,1288.4241943359375,3372.025390625,21544.849609375
2024-01-10,1035.02294921875,792.8145751953125,2452.494140625,968.8671264648438,1400.653564453125,397.67535400390625,1591.3016357421875,1309.2613525390625,1289.251220703125,3393.181884765625,21618.69921875
2024-01-11,1035.1690673828125,789.4871215820312,2413.290771484375,967.0133666992188,1376.9698486328125,397.117431640625,1587.257080078125,1343.6961669921875,1280.88232421875,3413.7431640625,21647.19921875
2024-01-12,1048.3175048828125,785.752685546875,2420.712890625,979.0625610351562,1486.2188720703125,400.5937805175781,1583.1636962890625,1354.3919677734375,1290.32177734375,3548.307861328125,21894.55078125
2024-01-15,1073.6890869140625,800.8818359375,2448.49755859375,985.2579345703125,1522.4815673828125,401.36627197265625,1593.9815673828125,1377.51318359375,1293.63037109375,3567.49951171875,22097.44921875
2024-01-16,1067.3583984375,803.9219360351562,2444.5966796875,984.4774780273438,1503.5438232421875,405.4005432128906,1579.1678466796875,1358.2454833984375,1278.1575927734375,3528.66015625,22032.30078125
2024-01-17,1056.9857177734375,736.1045532226562,2438.69677734375,957.84228515625,1511.5150146484375,400.5079650878906,1557.093505859375,1345.35107421875,1264.095947265625,3549.953369140625,21571.94921875
2024-01-18,1058.7388916015625,711.5198974609375,2424.51904296875,962.3302001953125,1513.7269287109375,399.56378173828125,1576.146728515625,1351.6500244140625,1299.8583984375,3566.402587890625,21462.25
2024-01-19,1095.700439453125,704.0989990234375,2441.075439453125,974.8673095703125,1529.0245361328125,404.7138366699219,1613.473388671875,1351.156005859375,1299.7125244140625,3628.4716796875,21622.400390625
2024-01-23,1127.841064453125,683.368408203125,2260.42626953125,1003.990478515625,1513.312255859375,394.2419128417969,1554.6571044921875,1312.7442626953125,1341.26513671875,3550.4365234375,21238.80078125
2024-01-24,1158.9588623046875,697.0372314453125,2323.32275390625,974.8673095703125,1543.95361328125,397.932861328125,1586.7208251953125,1327.8619384765625,1344.962890625,3535.299072265625,21453.94921875
2024-01-25,1130.32470703125,686.9830932617188,2310.61962890625,985.3555908203125,1538.1478271484375,391.1089782714844,1593.932861328125,1336.9522705078125,1331.53369140625,3506.3125,21352.599609375
2024-01-29,1131.8829345703125,696.438720703125,2325.939208984375,991.6484375,1526.6285400390625,386.0876159667969,1598.3184814453125,1430.7957763671875,1363.2091064453125,3497.75439453125,21737.599609375
2024-01-30,1128.47412109375,691.4835205078125,2339.4990234375,992.1362915039062,1521.882568359375,376.00189208984375,1579.1678466796875,1390.852294921875,1334.8912353515625,3497.340087890625,21522.099609375
2024-01-31,1140.210205078125,700.2210083007812,2361.289306640625,1003.1123046875,1530.5911865234375,379.0061950683594,1609.574951171875,1409.6258544921875,1380.3360595703125,3511.51123046875,21725.69921875
2024-02-01,1121.218017578125,702.0402221679688,2353.724609375,1000.1854248046875,1527.0430908203125,380.1649475097656,1609.185302734375,1409.650634765625,1370.1185302734375,3546.66357421875,21697.44921875
2024-02-02,1120.82861328125,692.3692016601562,2333.742431640625,999.0633544921875,1560.4951171875,377.76153564453125,1618.541259765625,1440.3306884765625,1378.5845947265625,3649.866943359375,21853.80078125
2024-02-05,1084.5487060546875,691.7467041015625,2302.24609375,998.5755615234375,1554.8277587890625,376.00189208984375,1660.2532958984375,1421.878173828125,1424.4677734375,3656.30810546875,21771.69921875
2024-02-06,1104.514892578125,691.3877563476562,2308.764404296875,1001.4049682617188,1593.7628173828125,370.29388427734375,1683.740966796875,1410.7869873046875,1435.464111328125,3806.02734375,21929.400390625
2024-02-07,1104.7581787109375,684.6130981445312,2307.90771484375,997.2584228515625,1560.86376953125,370.63720703125,1677.259765625,1424.9659423828125,1455.9970703125,3757.6240234375,21930.5
2024-02-08,1112.4039306640625,671.7343139648438,2299.9150390625,965.2083740234375,1559.3431396484375,361.2610168457031,1643.052001953125,1432.845947265625,1459.3057861328125,3804.279296875,21717.94921875
2024-02-09,1091.07421875,671.99755859375,2306.670654296875,986.0873413085938,1538.378173828125,362.0888366699219,1604.555908203125,1443.34423828125,1502.0740966796875,3803.911376953125,21782.5
2024-02-12,1089.564453125,665.4863891601562,2270.03662109375,971.8427734375,1548.2847900390625,354.5508117675781,1618.2486572265625,1435.04443359375,1501.7313232421875,3791.948974609375,21616.05078125
2024-02-13,1088.7366943359375,667.6168823242188,2277.982177734375,994.9656372070312,1552.3856201171875,354.4636535644531,1604.89697265625,1447.642333984375,1509.316162109375,3818.45068359375,21743.25
2024-02-14,1086.788818359375,662.6378173828125,2272.225341796875,997.7950439453125,1535.4752197265625,358.64666748046875,1614.9351806640625,1463.7235107421875,1487.9810791015625,3772.99169921875,21840.05078125
2024-02-15,1091.512451171875,677.0007934570312,2236.923583984375,991.8923950195312,1544.828857421875,351.98004150390625,1720.1903076171875,1453.0770263671875,1477.7049560546875,3775.844970703125,21910.75
2024-02-16,1090.8306884765625,679.8015747070312,2260.140625,998.3316650390625,1568.1439208984375,352.590087890625,1788.8985595703125,1443.17138671875,1477.7537841796875,3798.94189453125,22040.69921875
2024-02-19,1112.452392578125,678.4609985351562,2271.4638671875,1018.33251953125,1566.39306640625,356.64227294921875,1801.568115234375,1456.4364013671875,1497.4739990234375,3776.396484375,22122.25
2024-02-20,1114.156982421875,696.2711181640625,2287.5927734375,1023.210693359375,1553.03076171875,353.897216796875,1806.53857421875,1453.4969482421875,1505.890869140625,3709.082763671875,22196.94921875
2024-02-21,1110.21240234375,689.017822265625,2290.447265625,1026.3326416015625,1525.6610107421875,351.5007629394531,1812.3858642578125,1450.2115478515625,1510.49072265625,3673.055908203125,22055.05078125
2024-02-22,1105.9757080078125,679.634033203125,2272.3681640625,1036.8209228515625,1549.4366455078125,361.1738586425781,1861.79736328125,1464.0941162109375,1524.8282470703125,3761.029541015625,22217.44921875
2024-02-23,1096.4310302734375,680.1365966796875,2278.0771484375,1035.455078125,1545.2896728515625,358.5158996582031,1880.899169921875,1475.82763671875,1527.9599609375,3728.8212890625,22212.69921875
2024-02-26,1081.139892578125,680.9505615234375,2287.735595703125,1028.5279541015625,1529.9000244140625,356.5987243652344,1880.7530517578125,1469.6026611328125,1523.7518310546875,3681.843994140625,22122.05078125
2024-02-27,1098.13525390625,679.9212646484375,2288.734375,1034.3818359375,1533.0792236328125,358.29803466796875,1901.0244140625,1467.9476318359375,1549.0015869140625,3776.948486328125,22198.349609375
2024-02-28,1099.352783203125,674.7744750976562,2304.197021484375,1020.72265625,1540.1290283203125,355.8144226074219,1853.3184814453125,1438.2803955078125,1540.291259765625,3790.337890625,21951.150390625
2024-02-29,1094.0933837890625,671.90185546875,2295.395263671875,1026.5765380859375,1542.5711669921875,354.07147216796875,1883.287109375,1443.393798828125,1544.303955078125,3768.390869140625,21982.80078125
2024-03-01,1099.3040771484375,684.9961547851562,2292.9208984375,1060.431640625,1524.8775634765625,356.8601379394531,1922.8062744140625,1474.345458984375,1526.0025634765625,3767.700439453125,22338.75
2024-03-04,1103.9791259765625,685.9296875,2304.625244140625,1065.7489013671875,1508.75048828125,356.5115966796875,1872.2255859375,1489.4384765625,1519.0050048828125,3755.1396484375,22405.599609375
2024-03-05,1138.4571533203125,689.831787109375,2283.548583984375,1061.5537109375,1480.4591064453125,353.9407958984375,1889.962890625,1482.3243408203125,1540.6337890625,3692.012451171875,22356.30078125
2024-03-06,1162.611083984375,690.6695556640625,2284.452880859375,1070.3831787109375,1490.6422119140625,355.42230224609375,1920.5648193359375,1485.0908203125,1569.79833984375,3740.048095703125,22474.05078125
2024-03-07,1168.454833984375,692.3452758789062,2302.2939453125,1061.4560546875,1489.6285400390625,360.3895263671875,1849.32275390625,1461.3028564453125,1571.4620361328125,3780.81396484375,22493.55078125
2024-03-11,1165.4356689453125,683.5838623046875,2274.033447265625,1052.4312744140625,1475.0220947265625,356.77301025390625,1846.2039794921875,1449.1246337890625,1559.6202392578125,3793.466796875,22332.650390625
2024-03-12,1172.886474609375,698.7846069335938,2262.900390625,1050.626220703125,1486.403076171875,352.4593505859375,1846.9837646484375,1457.844482421875,1550.5185546875,3857.789794921875,22335.69921875
2024-03-13,1138.3111572265625,699.1915893554688,2200.52685546875,1057.553466796875,1484.9747314453125,368.1455078125,1806.587158203125,1415.10986328125,1525.366455078125,3817.990478515625,21997.69921875
2024-03-14,1163.48779296875,696.8217163085938,2221.460693359375,1057.2120361328125,1523.58740234375,365.7054138183594,1842.500732421875,1414.4180908203125,1536.7191162109375,3871.915283203125,22146.650390625
2024-03-15,1188.2261962890625,695.481201171875,2214.8955078125,1054.0411376953125,1505.801513671875,365.22613525390625,1753.7647705078125,1401.3260498046875,1515.188232421875,3882.6357421875,22023.349609375
2024-03-18,1193.3883056640625,692.3212890625,2188.48974609375,1054.8704833984375,1476.9112548828125,363.7882080078125,1808.8775634765625,1422.3228759765625,1537.7467041015625,3821.211181640625,22055.69921875
2024-03-19,1196.3587646484375,693.9012451171875,2157.089111328125,1057.553466796875,1438.943603515625,356.9037170410156,1797.036376953125,1408.267333984375,1515.4329833984375,3659.98876953125,21817.44921875
2024-03-20,1199.718994140625,685.1398315429688,2133.30078125,1058.090087890625,1432.95361328125,362.26318359375,1797.5235595703125,1426.546875,1516.3138427734375,3654.099365234375,21839.099609375
2024-03-21,1189.0054931640625,692.1776733398438,2133.681640625,1055.4559326171875,1432.7232666015625,367.0997314453125,1818.428466796875,1433.685791015625,1531.8258056640625,3655.986083984375,22011.94921875
2024-03-22,1203.9068603515625,690.7892456054688,2147.193115234375,1063.7489013671875,1390.4703369140625,373.5049133300781,1831.04931640625,1437.6875,1574.593994140625,3598.88623046875,22096.75
2024-03-26,1181.505859375,682.434814453125,2131.445068359375,1057.3095703125,1375.5413818359375,372.6770324707031,1816.57666015625,1424.3978271484375,1564.0242919921875,3568.15087890625,22004.69921875
2024-03-27,1192.9013671875,689.7599487304688,2131.15966796875,1057.3583984375,1367.4317626953125,372.9820251464844,1833.339599609375,1475.061767578125,1569.9453125,3534.470703125,22123.650390625
2024-03-28,1196.6024169921875,693.2069702148438,2154.615234375,1066.67578125,1380.517822265625,373.2870178222656,1872.5177001953125,1468.145263671875,1585.99560546875,3567.046875,22326.900390625
2024-04-01,1185.645263671875,704.0272216796875,2175.12060546875,1072.8712158203125,1378.1217041015625,371.8491516113281,1867.2550048828125,1467.0830078125,1594.5098876953125,3604.269287109375,22462.0
2024-04-02,1176.7823486328125,708.6472778320312,2175.882080078125,1054.8704833984375,1366.5103759765625,371.1084289550781,1921.8316650390625,1469.2320556640625,1587.6591796875,3573.948486328125,22453.30078125
2024-04-03,1193.77783203125,709.6766967773438,2155.424072265625,1050.9676513671875,1364.48291015625,370.54193115234375,1938.7408447265625,1454.0650634765625,1585.310302734375,3632.38232421875,22434.650390625
2024-04-04,1175.418701171875,731.3648071289062,2155.18603515625,1052.57763671875,1370.0582275390625,368.40692138671875,1951.80029296875,1445.493408203125,1584.8211669921875,3683.91455078125,22514.650390625
2024-04-05,1159.9815673828125,741.8737182617188,2157.089111328125,1057.0169677734375,1363.054443359375,372.58990478515625,1962.1309814453125,1442.7020263671875,1574.6917724609375,3661.783203125,22513.69921875
2024-04-08,1173.32470703125,740.4613647460938,2158.9921875,1060.675537109375,1360.8428955078125,373.9406433105469,2025.2840576171875,1468.2686767578125,1565.5902099609375,3655.61767578125,22666.30078125
2024-04-09,1173.0811767578125,741.3949584960938,2154.424560546875,1080.0909423828125,1377.56884765625,371.54412841796875,2037.7584228515625,1446.2098388671875,1568.3792724609375,3631.69287109375,22642.75
2024-04-10,1197.3814697265625,735.5540161132812,2151.33251953125,1082.3837890625,1388.581298828125,380.7815246582031,2023.4322509765625,1461.945068359375,1569.847412109375,3666.75244140625,22753.80078125
2024-04-12,1193.6317138671875,727.223388671875,2124.11865234375,1077.5054931640625,1368.26123046875,374.81207275390625,2018.3155517578125,1449.668212890625,1507.1629638671875,3682.166015625,22519.400390625
2024-04-15,1192.6578369140625,715.6133422851562,2087.721923828125,1052.0897216796875,1352.9637451171875,371.1520080566406,2001.2603759765625,1447.3707275390625,1507.2120361328125,3626.76904296875,22272.5
2024-04-16,1184.7686767578125,722.5794067382812,2113.175537109375,1041.0650634765625,1303.476806640625,371.1520080566406,1979.67333984375,1448.28466796875,1504.765380859375,3563.82568359375,22147.900390625
2024-04-18,1232.7847900390625,715.6133422851562,2107.46630859375,1029.74755859375,1307.9002685546875,365.00823974609375,1973.4847412109375,1446.876708984375,1484.0662841796875,3553.887451171875,21995.849609375
2024-04-19,1255.42919921875,733.1361694335938,2123.452392578125,1041.26025390625,1300.52783203125,370.14984130859375,2029.9619140625,1452.607666015625,1490.3299560546875,3520.94384765625,22147.0
2024-04-22,1263.756591796875,723.9917602539062,2132.87255859375,1060.187744140625,1320.3409423828125,370.6291198730469,2037.514892578125,1462.2166748046875,1507.260986328125,3556.280517578125,22336.400390625
2024-04-23,1307.3897705078125,721.7894287109375,2153.092529296875,1063.7000732421875,1329.234130859375,374.0278015136719,2010.177978515625,1441.9364013671875,1452.9932861328125,3565.574462890625,22368.0
2024-04-24,1301.5947265625,723.7523803710938,2150.714111328125,1070.041748046875,1318.4979248046875,373.766357421875,2006.1334228515625,1432.8953857421875,1454.0697021484375,3525.406982421875,22402.400390625
2024-04-25,1303.8348388671875,723.2975463867188,2122.739013671875,1086.627685546875,1325.59375,381.3044738769531,2043.5576171875,1442.5784912109375,1487.736328125,3544.869384765625,22570.349609375
2024-04-26,1291.4656982421875,722.8427734375,2114.935791015625,1080.9202880859375,1318.037109375,383.4394836425781,1992.927734375,1435.2420654296875,1474.4263916015625,3516.480712890625,22419.94921875
2024-04-29,1297.74755859375,732.2744140625,2118.21875,1131.8978271484375,1322.1842041015625,381.8708801269531,2009.6419677734375,1447.568359375,1489.1553955078125,3561.433349609375,22643.400390625
2024-04-30,1287.862060546875,727.7739868164062,2122.35791015625,1122.3853759765625,1309.09814453125,379.6486511230469,2101.545166015625,1449.5198974609375,1470.0711669921875,3515.83642578125,22604.849609375
2024-05-02,1270.08740234375,733.591064453125,2118.408935546875,1111.701904296875,1303.476806640625,382.5680236816406,2129.613037109375,1449.0751953125,1486.61083984375,3555.083984375,22648.19921875
2024-05-03,1244.1314697265625,727.5345458984375,2109.607421875,1114.2386474609375,1305.1817626953125,380.3457946777344,2137.263671875,1416.9130859375,1478.92822265625,3536.771484375,22475.849609375
2024-05-06,1249.97509765625,728.994873046875,2146.85986328125,1118.3851318359375,1314.0284423828125,378.8643798828125,2168.401611328125,1402.610595703125,1496.54443359375,3608.2265625,22442.69921875
2024-05-07,1252.6534423828125,721.0952758789062,2264.089599609375,1104.3358154296875,1327.897705078125,383.7445068359375,2135.8017578125,1384.775634765625,1483.0386962890625,3661.507568359375,22302.5
2024-05-08,1255.0396728515625,709.84423828125,2227.59814453125,1095.652587890625,1315.318603515625,384.31097412109375,2126.93310546875,1401.647216796875,1489.30224609375,3659.666748046875,22302.5
2024-05-09,1242.232177734375,693.0155029296875,2212.944091796875,1088.5302734375,1326.6075439453125,370.4548034667969,2156.31689453125,1377.51318359375,1462.7799072265625,3644.253173828125,21957.5
2024-05-10,1267.2628173828125,697.820068359375,2248.056396484375,1089.847412109375,1313.10693359375,377.6443176269531,2137.312255859375,1390.65478515625,1474.4263916015625,3583.242431640625,22055.19921875
2024-05-13,1252.4586181640625,706.2400512695312,2246.248046875,1100.53076171875,1311.770751953125,376.3371887207031,2128.736083984375,1385.986083984375,1492.5318603515625,3632.8427734375,22104.05078125
2024-05-14,1250.8516845703125,709.0062866210938,2235.73388671875,1093.26220703125,1312.9224853515625,374.4635314941406,2212.209228515625,1403.1539306640625,1512.3011474609375,3589.960205078125,22217.849609375
2024-05-15,1275.784912109375,698.1111450195312,2210.70849609375,1096.9696044921875,1308.545166015625,372.8077392578125,2243.78564453125,1399.3994140625,1494.831787109375,3570.81982421875,22200.55078125
2024-05-16,1310.068115234375,708.6665649414062,2229.59619140625,1103.506591796875,1339.3248291015625,375.9885559082031,2311.470703125,1408.3660888671875,1503.5421142578125,3615.82080078125,22403.849609375
2024-05-17,1309.4349365234375,710.5349731445312,2207.901611328125,1102.9698486328125,1330.9847412109375,380.21514892578125,2450.690185546875,1418.5928955078125,1498.7464599609375,3553.857421875,22466.099609375
2024-05-21,1309.2890625,707.9629516601562,2198.71875,1093.65234375,1321.63134765625,378.9079284667969,2458.53515625,1419.0128173828125,1508.0927734375,3540.97314453125,22529.05078125
2024-05-22,1312.7952880859375,708.1570434570312,2252.1953125,1084.0423583984375,1340.6611328125,383.3523254394531,2456.976318359375,1443.2454833984375,1506.47802734375,3551.91064453125,22597.80078125
2024-05-23,1338.26416015625,724.3661499023438,2267.03955078125,1106.8724365234375,1356.880126953125,384.6159362792969,2542.8857421875,1468.3428955078125,1463.220458984375,3608.868896484375,22967.650390625
2024-05-24,1352.3377685546875,736.3046875,2254.2412109375,1104.384521484375,1350.1529541015625,380.1279602050781,2514.18408203125,1462.6119384765625,1454.9996337890625,3568.131591796875,22957.099609375
2024-05-27,1348.2958984375,741.400390625,2268.9423828125,1102.2869873046875,1355.91259765625,376.03216552734375,2484.313232421875,1448.77880859375,1434.7900390625,3565.860595703125,22932.44921875
2024-05-28,1335.3424072265625,742.75927734375,2279.837646484375,1099.5062255859375,1351.949951171875,373.8534851074219,2487.919189453125,1438.8485107421875,1433.6644287109375,3559.233154296875,22888.150390625
2024-05-29,1341.23486328125,731.9855346679688,2258.380615234375,1075.1639404296875,1337.113037109375,375.5528564453125,2469.255615234375,1423.607421875,1447.414794921875,3525.632568359375,22704.69921875
2024-05-30,1341.283447265625,735.1642456054688,2237.4462890625,1086.5789794921875,1315.456787109375,369.3655090332031,2430.126220703125,1407.8720703125,1427.9881591796875,3463.020263671875,22488.650390625
2024-05-31,1336.9981689453125,743.2688598632812,2216.1796875,1093.75,1322.4598388671875,371.63128662109375,2442.552490234375,1413.35595703125,1428.6732177734375,3402.63232421875,22530.69921875
2024-06-03,1354.8702392578125,762.9964599609375,2241.728271484375,1131.75146484375,1321.519775390625,375.02996826171875,2567.05517578125,1492.32861328125,1422.067138671875,3432.20068359375,23263.900390625
2024-06-04,1265.8505859375,719.7800903320312,2375.32470703125,1045.3577880859375,1310.0050048828125,368.4967956542969,2507.50830078125,1380.625732421875,1399.36181640625,3443.46240234375,21884.5
2024-06-05,1309.337646484375,753.0962524414062,2476.615478515625,1081.6519775390625,1344.2672119140625,381.8983459472656,2671.287353515625,1403.8209228515625,1455.5867919921875,3472.61376953125,22620.349609375
2024-06-06,1334.904052734375,756.93017578125,2426.04150390625,1083.359375,1383.887451171875,386.42462158203125,2631.23193359375,1414.5416259765625,1441.298095703125,3550.427734375,22821.400390625
2024-06-07,1388.1307373046875,763.5545654296875,2452.875,1094.384033203125,1441.555419921875,389.7528381347656,2784.826416015625,1452.4345703125,1474.7197265625,3609.33251953125,23290.150390625
2024-06-10,1388.9100341796875,757.7066650390625,2441.028076171875,1096.4329833984375,1409.7369384765625,387.7559509277344,2736.194580078125,1453.867431640625,1480.836669921875,3576.658935546875,23259.19921875
2024-06-11,1390.07861328125,759.4052734375,2432.46435546875,1090.9693603515625,1405.97705078125,384.29461669921875,2763.48291015625,1439.3179931640625,1467.7713623046875,3570.541748046875,23264.849609375
2024-06-12,1400.9383544921875,763.94287109375,2406.154296875,1092.2864990234375,1396.060302734375,383.67333984375,2716.702880859375,1445.8885498046875,1474.7197265625,3551.5859375,23322.94921875
2024-06-13,1388.6177978515625,767.1458129882812,2366.85546875,1080.383544921875,1404.28515625,381.8983459472656,2788.96826171875,1447.790771484375,1478.5858154296875,3594.6875,23398.900390625
2024-06-14,1390.2247314453125,774.9835205078125,2382.56494140625,1078.72509765625,1399.5382080078125,382.6527099609375,2854.16796875,1459.9442138671875,1483.6748046875,3551.95751953125,23465.599609375
2024-06-18,1391.1500244140625,780.2733764648438,2388.81005859375,1095.506103515625,1408.2799072265625,380.5226745605469,2886.62158203125,1463.3778076171875,1488.5191650390625,3536.24609375,23557.900390625
2024-06-19,1356.0875244140625,804.5628051757812,2360.706787109375,1116.580078125,1420.6407470703125,375.996337890625,2859.28466796875,1441.2694091796875,1471.9307861328125,3523.8251953125,23516.0
2024-06-20,1345.1793212890625,810.143798828125,2384.9189453125,1128.62939453125,1424.4476318359375,375.6856994628906,2798.22705078125,1456.1400146484375,1439.6343994140625,3510.431396484375,23567.0
2024-06-21,1379.17041015625,808.396728515625,2345.621826171875,1130.434326171875,1440.70947265625,372.4018859863281,2767.771240234375,1436.872314453125,1435.96435546875,3532.213623046875,23501.099609375
2024-06-24,1382.8226318359375,811.6240844726562,2346.486572265625,1141.60546875,1435.492431640625,375.6856994628906,2841.693359375,1424.2989501953125,1462.6331787109375,3537.82177734375,23537.849609375
2024-06-25,1378.0989990234375,830.5266723632812,2336.87841796875,1168.7772216796875,1449.4041748046875,375.6856994628906,2835.455810546875,1436.822998046875,1473.10498046875,3557.888916015625,23721.30078125
2024-06-26,1421.4886474609375,825.7463989257812,2349.75341796875,1188.339111328125,1448.229248046875,376.2625732421875,2779.02734375,1495.9844970703125,1488.715087890625,3574.017333984375,23868.80078125
2024-06-27,1437.3642578125,823.1500244140625,2365.654541015625,1190.1927490234375,1478.9195556640625,377.7270202636719,2815.525634765625,1512.312744140625,1483.9195556640625,3646.59423828125,24044.5
2024-06-28,1406.441162109375,817.156494140625,2376.12744140625,1170.3870849609375,1472.7156982421875,377.1057434082031,2793.792236328125,1546.7474365234375,1488.42138671875,3618.787353515625,24010.599609375
2024-07-01,1416.1319580078125,827.5420532226562,2406.921630859375,1182.3388671875,1495.322265625,380.7889404296875,2802.7587890625,1541.5599365234375,1487.687255859375,3687.4248046875,24141.94921875
2024-07-02,1381.9947509765625,839.8687744140625,2387.753173828125,1161.6063232421875,1523.7569580078125,377.63824462890625,2792.330322265625,1546.5250244140625,1491.55322265625,3723.75927734375,24123.849609375
2024-07-03,1382.871337890625,858.3346557617188,2411.9658203125,1172.33837890625,1529.7257080078125,380.123291015625,2804.805419921875,1533.927001953125,1501.2420654296875,3675.421142578125,24286.5
2024-07-04,1385.988037109375,838.1945190429688,2398.1298828125,1202.9737548828125,1551.580322265625,380.7889404296875,2829.023681640625,1535.5079345703125,1524.6812744140625,3727.050048828125,24302.150390625
2024-07-05,1392.4647216796875,799.8311157226562,2447.17919921875,1203.3641357421875,1548.572265625,384.87152099609375,2827.94384765625,1569.695556640625,1534.95751953125,3718.56884765625,24323.849609375
2024-07-08,1397.77294921875,793.6434326171875,2485.755615234375,1204.973876953125,1561.9200439453125,393.7022705078125,2799.228759765625,1581.8243408203125,1523.21337890625,3701.328125,24320.55078125
2024-07-09,1398.16259765625,794.2015991210938,2488.637939453125,1217.8524169921875,1557.6900634765625,401.68994140625,2872.02294921875,1571.3260498046875,1551.594970703125,3694.191162109375,24433.19921875
2024-07-10,1407.4150390625,789.1544799804688,2508.142578125,1212.92529296875,1549.32421875,400.6693115234375,2682.06005859375,1565.3480224609375,1564.4647216796875,3623.421142578125,24324.44921875
2024-07-11,1400.4998779296875,787.1161499023438,2506.605224609375,1208.291015625,1553.5072021484375,407.0594177246094,2648.730712890625,1561.815673828125,1548.0228271484375,3636.907958984375,24315.94921875
2024-07-12,1395.92236328125,787.50439453125,2519.47998046875,1202.876220703125,1609.0130615234375,407.4144592285156,2654.52294921875,1577.6990966796875,1548.5628662109375,3878.135498046875,24502.150390625
2024-07-15,1400.1590576171875,787.213134765625,2517.606689453125,1199.9979248046875,1604.59521484375,411.2751159667969,2681.127685546875,1578.1932373046875,1557.3006591796875,3864.464599609375,24586.69921875
2024-07-16,1428.306396484375,786.07275390625,2583.085693359375,1209.705810546875,1622.454833984375,413.1832580566406,2706.357666015625,1557.4681396484375,1550.5264892578125,3873.038330078125,24613.0
2024-07-18,1445.009765625,783.6704711914062,2631.077880859375,1219.8525390625,1652.5341796875,417.3546142578125,2767.91162109375,1567.7689208984375,1565.2039794921875,4000.116455078125,24800.849609375
2024-07-19,1423.6800537109375,780.0307006835938,2620.125,1218.24267578125,1685.3394775390625,421.1709289550781,2699.0439453125,1536.6195068359375,1540.0704345703125,3997.18994140625,24530.900390625
2024-07-22,1427.2352294921875,797.1377563476562,2628.099365234375,1210.9254150390625,1702.1650390625,414.0707702636719,2753.480224609375,1482.793701171875,1558.4298095703125,3983.20751953125,24509.25
2024-07-23,1427.5272216796875,785.4175415039062,2657.932861328125,1196.8759765625,1726.65185546875,436.8355712890625,2769.77685546875,1470.1707763671875,1572.420166015625,3997.14404296875,24479.05078125
2024-07-24,1417.3006591796875,778.4534301757812,2610.564697265625,1193.21728515625,1723.878662109375,438.4774475097656,2754.216796875,1477.8778076171875,1589.9449462890625,4000.76708984375,24413.5
2024-07-25,1411.4083251953125,784.5440673828125,2601.100830078125,1168.728515625,1715.324951171875,434.8387145996094,2760.0087890625,1474.6173095703125,1635.4505615234375,4015.864501953125,24406.099609375
2024-07-26,1474.958984375,785.2962646484375,2604.800048828125,1177.802001953125,1766.1309814453125,445.71075439453125,2835.01220703125,1491.044189453125,1683.017822265625,4076.578857421875,24834.849609375
2024-07-29,1442.7696533203125,778.9387817382812,2605.328369140625,1183.1680908203125,1758.799072265625,440.2525329589844,2879.385986328125,1501.987060546875,1691.8536376953125,4070.307373046875,24836.099609375
2024-07-30,1432.0562744140625,784.034423828125,2585.919921875,1179.997314453125,1764.4859619140625,434.7943115234375,2868.685302734375,1495.1199951171875,1670.5982666015625,4055.675048828125,24857.30078125
2024-07-31,1452.7041015625,784.1315307617188,2599.611572265625,1185.3145751953125,1756.1201171875,439.63128662109375,2854.646728515625,1487.4869384765625,1688.0247802734375,4074.25634765625,24951.150390625
2024-08-01,1466.290771484375,795.3178100585938,2609.123779296875,1180.63134765625,1741.409423828125,438.1668701171875,2776.697998046875,1497.2445068359375,1683.9503173828125,4085.17236328125,25010.900390625
2024-08-02,1454.8955078125,805.1937255859375,2587.025146484375,1167.411376953125,1711.89404296875,434.0843200683594,2699.387451171875,1481.459716796875,1700.100830078125,3979.21240234375,24717.69921875
2024-08-05,1427.5272216796875,784.1315307617188,2609.459716796875,1144.0445556640625,1646.7532958984375,431.3330078125,2629.97998046875,1430.079345703125,1689.006591796875,3860.29296875,24055.599609375
2024-08-06,1405.9541015625,777.0703125,2642.271484375,1138.4346923828125,1646.0013427734375,431.5992736816406,2584.82080078125,1438.7003173828125,1676.43994140625,3875.2978515625,23992.55078125
2024-08-07,1412.0262451171875,787.892578125,2636.506591796875,1143.898193359375,1684.11767578125,437.2349548339844,2631.84521484375,1447.3707275390625,1702.8497314453125,3902.472900390625,24297.5
2024-08-08,1421.869140625,797.2105102539062,2626.081787109375,1136.239501953125,1638.528564453125,439.0987548828125,2633.90673828125,1431.8577880859375,1705.40234375,3876.5517578125,24117.0
2024-08-09,1433.91552734375,800.8502197265625,2639.533203125,1143.0689697265625,1664.471923828125,440.119384765625,2698.896484375,1456.73291015625,1703.684326171875,3928.76513671875,24367.5
2024-08-12,1428.5289306640625,805.65478515625,2640.974365234375,1154.09033203125,1689.5225830078125,438.96563720703125,2667.972412109375,1443.2208251953125,1702.2607421875,3898.012939453125,24347.0
2024-08-13,1429.606201171875,778.0408935546875,2633.96044921875,1149.7113037109375,1689.5693359375,434.883056640625,2668.365478515625,1446.1851806640625,1708.396728515625,3899.220947265625,24139.0
2024-08-14,1441.35888671875,780.2733764648438,2615.368896484375,1143.1181640625,1713.821044921875,436.8355712890625,2695.068115234375,1444.43115234375,1709.91845703125,3990.54736328125,24143.75
2024-08-16,1452.9647216796875,792.0662841796875,2640.5419921875,1168.3096923828125,1747.378173828125,446.1101379394531,2788.52783203125,1460.58642578125,1710.9986572265625,4102.77734375,24541.150390625
2024-08-19,1439.3511962890625,791.7993774414062,2635.0654296875,1157.140869140625,1752.8773193359375,445.0451354980469,2714.604248046875,1475.65625,1715.9566650390625,4171.48193359375,24572.650390625
2024-08-20,1419.2738037109375,794.783935546875,2643.232421875,1160.6341552734375,1759.8331298828125,442.6932067871094,2720.641845703125,1483.1416015625,1734.16845703125,4202.41943359375,24698.849609375
2024-08-21,1433.2789306640625,789.0089111328125,2681.80859375,1156.1075439453125,1760.3028564453125,448.5508117675781,2718.7763671875,1485.8433837890625,1732.49951171875,4228.61962890625,24770.19921875
2024-08-22,1455.706787109375,791.6780395507812,2683.34619140625,1172.098388671875,1767.39990234375,447.79644775390625,2682.99267578125,1485.2979736328125,1718.7545166015625,4182.630859375,24811.5
2024-08-23,1475.686279296875,788.6448364257812,2705.252685546875,1184.300537109375,1750.33935546875,448.9058532714844,2708.566650390625,1487.1322021484375,1743.3974609375,4147.2333984375,24823.150390625
2024-08-26,1482.34619140625,795.8758544921875,2710.5849609375,1193.9442138671875,1763.5460205078125,448.81707763671875,2742.04345703125,1499.649169921875,1740.1573486328125,4183.04833984375,25010.599609375
2024-08-27,1491.3564453125,794.8082885742188,2658.460693359375,1206.7860107421875,1786.0584716796875,444.2907409667969,2729.96826171875,1487.6031494140625,1756.7987060546875,4178.125,25017.75
2024-08-28,1524.263671875,794.4927368164062,2656.010986328125,1204.325927734375,1822.7177734375,441.3619384765625,2746.853759765625,1485.4716796875,1778.839599609375,4186.39306640625,25052.349609375
2024-08-29,1533.6168212890625,795.1964721679688,2676.092041015625,1202.4071044921875,1817.3128662109375,448.2845764160156,2707.192138671875,1507.90283203125,1766.419921875,4191.73486328125,25151.94921875
2024-08-30,1556.2896728515625,794.395751953125,2669.1259765625,1209.5904541015625,1827.041748046875,445.44451904296875,2754.118408203125,1496.6995849609375,1788.4610595703125,4230.7099609375,25235.900390625
2024-09-02,1538.9544677734375,789.56689453125,2679.7431640625,1210.3284912109375,1846.5933837890625,452.677734375,2726.237548828125,1503.2679443359375,1782.86474609375,4200.3291015625,25278.69921875
2024-09-03,1528.4261474609375,794.6141357421875,2684.787353515625,1227.79541015625,1824.7388916015625,452.1008605957031,2733.9443359375,1496.203857421875,1778.4959716796875,4192.24658203125,25279.849609375
2024-09-04,1529.6993408203125,796.773681640625,2729.897216796875,1216.62646484375,1807.0670166015625,449.3939514160156,2699.338623046875,1501.5823974609375,1799.45703125,4161.4951171875,25198.69921875
2024-09-05,1515.3023681640625,798.5450439453125,2727.206787109375,1216.23291015625,1817.1248779296875,453.69842529296875,2673.322998046875,1480.192138671875,1793.22265625,4158.4287109375,25145.099609375
2024-09-06,1507.5162353515625,794.4199829101562,2727.68701171875,1188.8763427734375,1787.7034912109375,445.2669982910156,2648.780029296875,1452.2830810546875,1791.3082275390625,4140.5908203125,24852.150390625
2024-09-09,1510.84619140625,799.0546264648438,2807.290283203125,1215.2979736328125,1780.935791015625,454.1865234375,2659.33349609375,1449.928466796875,1788.657470703125,4133.9013671875,24936.400390625
2024-09-10,1545.3204345703125,800.9229736328125,2784.99951171875,1217.5614013671875,1797.5263671875,455.8284606933594,2640.827880859375,1449.011474609375,1802.8931884765625,4188.06591796875,25041.099609375
2024-09-11,1545.271484375,797.7929077148438,2790.33203125,1216.62646484375,1795.50537109375,456.49407958984375,2605.7314453125,1439.072265625,1812.0728759765625,4161.58837890625,24918.44921875
2024-09-12,1612.800048828125,808.8092651367188,2840.534423828125,1232.174560546875,1833.38671875,461.0648193359375,2690.797607421875,1467.1298828125,1831.4139404296875,4197.216796875,25388.900390625
2024-09-13,1600.7535400390625,808.4937744140625,2818.003173828125,1230.403076171875,1827.4176025390625,456.0503234863281,2689.030517578125,1460.016357421875,1819.9761962890625,4201.76953125,25356.5
2024-09-16,1601.73291015625,810.9202880859375,2754.734130859375,1242.7037353515625,1833.1986083984375,453.60968017578125,2706.995849609375,1458.7523193359375,1829.008544921875,4193.08203125,25383.75
2024-09-17,1627.49072265625,809.876953125,2760.883056640625,1247.8699951171875,1835.3607177734375,450.636474609375,2736.692626953125,1459.6942138671875,1832.10107421875,4186.02197265625,25418.55078125
2024-09-18,1620.781982421875,822.494873046875,2763.141357421875,1267.796875,1778.585693359375,450.2814636230469,2756.867431640625,1450.9197998046875,1802.5494384765625,4037.8369140625,25377.55078125
2024-09-19,1630.52685546875,829.1435546875,2797.63427734375,1271.388671875,1780.5125732421875,451.0802307128906,2746.363037109375,1457.0916748046875,1812.41650390625,3991.3837890625,25415.80078125
2024-09-20,1676.4599609375,845.0130004882812,2860.903564453125,1317.09765625,1791.369384765625,456.5384521484375,2896.909912109375,1473.2025146484375,1831.757568359375,3980.931884765625,25790.94921875
2024-09-23,1714.362060546875,854.0397338867188,2909.856689453125,1300.8116455078125,1782.6275634765625,458.8016357421875,2994.05078125,1480.5887451171875,1828.7630615234375,3965.6953125,25939.05078125
2024-09-24,1720.4342041015625,858.0435180664062,2834.91357421875,1297.5643310546875,1784.6485595703125,457.2928466796875,3018.103271484375,1476.6229248046875,1834.0645751953125,3968.29638671875,25940.400390625
2024-09-25,1724.1070556640625,863.406005859375,2833.376220703125,1302.7305908203125,1781.5467529296875,459.3341064453125,3034.547119140625,1481.15869140625,1836.4700927734375,3971.501953125,26004.150390625
2024-09-26,1734.5863037109375,865.5171508789062,2869.070556640625,1307.84765625,1786.199462890625,463.94921875,3122.950927734375,1485.12451171875,1863.812744140625,3987.992431640625,26216.05078125
2024-09-27,1698.8387451171875,850.5697631835938,2849.998291015625,1285.7557373046875,1792.3094482421875,463.90484619140625,3125.4541015625,1513.10791015625,1913.1961669921875,4003.0439453125,26178.94921875
2024-09-30,1674.3052978515625,840.572509765625,2842.360107421875,1252.69189453125,1763.029052734375,459.8666687011719,3038.326416015625,1463.9324951171875,1891.596923828125,3965.6953125,25810.849609375
2024-10-01,1663.678955078125,837.7334594726562,2809.1640625,1254.069580078125,1790.053466796875,458.135986328125,3107.635986328125,1452.2830810546875,1884.969970703125,3983.718505859375,25796.900390625
2024-10-03,1638.9495849609375,816.282958984375,2779.95556640625,1236.307373046875,1779.7606201171875,455.0740661621094,3072.6376953125,1394.928466796875,1876.03564453125,3932.48095703125,25250.099609375
2024-10-04,1607.0706787109375,804.4658203125,2737.103271484375,1219.97216796875,1803.0252685546875,446.9089050292969,2962.292236328125,1374.653564453125,1875.2503662109375,3950.597900390625,25014.599609375
2024-10-07,1627.7845458984375,785.1264038085938,2722.354736328125,1214.215576171875,1818.2060546875,452.8109130859375,3004.2607421875,1358.98876953125,1870.537841796875,3969.7373046875,24795.75
2024-10-08,1623.2794189453125,801.2627563476562,2708.327392578125,1216.8724365234375,1831.6005859375,450.8139953613281,3107.979736328125,1385.3857421875,1882.2210693359375,3951.52734375,25013.150390625
2024-10-09,1643.503662109375,792.5758056640625,2660.430908203125,1224.302001953125,1835.5484619140625,436.3918151855469,3095.364501953125,1362.8306884765625,1895.6715087890625,3951.248291015625,24981.94921875
2024-10-10,1643.503662109375,806.7709350585938,2646.7392578125,1223.6624755859375,1803.8240966796875,436.7024841308594,3135.909423828125,1359.31103515625,1853.356689453125,3927.510986328125,24998.44921875
2024-10-11,1652.6119384765625,801.238525390625,2674.1220703125,1203.489501953125,1818.9578857421875,433.2855224609375,3077.055419921875,1360.35205078125,1867.2979736328125,3854.858642578125,24964.25
2024-10-14,1660.642822265625,819.2432861328125,2679.791015625,1212.099853515625,1841.3294677734375,441.0513000488281,3097.2294921875,1360.7734375,1874.9559326171875,3843.19873046875,25127.94921875
2024-10-15,1681.8465576171875,817.3020629882812,2672.440673828125,1235.470947265625,1841.7054443359375,442.4713439941406,3098.11328125,1332.5174560546875,1863.86181640625,3824.756591796875,25057.349609375
2024-10-16,1698.2022705078125,824.9214477539062,2672.2490234375,1223.3179931640625,1804.858154296875,437.7231140136719,3011.918212890625,1342.4814453125,1863.9107666015625,3804.456787109375,24971.30078125
2024-10-17,1666.0784912109375,811.988037109375,2631.31787109375,1211.60791015625,1849.977294921875,433.90679931640625,2910.408447265625,1344.811279296875,1855.1239013671875,3817.510009765625,24749.849609375
2024-10-18,1672.6402587890625,816.2101440429688,2610.613037109375,1244.327392578125,1766.7889404296875,431.9542541503906,2910.064697265625,1347.66162109375,1875.5450439453125,3839.907958984375,24854.05078125
2024-10-21,1657.6558837890625,838.9466552734375,2587.98583984375,1238.9644775390625,1741.550537109375,429.2473449707031,2943.39404296875,1357.4769287109375,1862.438232421875,3799.67529296875,24781.099609375
2024-10-22,1657.3619384765625,832.0797119140625,2576.60009765625,1247.279541015625,1740.4693603515625,427.60540771484375,2834.42333984375,1331.84814453125,1853.1605224609375,3739.744140625,24472.099609375
2024-10-23,1651.044921875,842.3923950195312,2555.078369140625,1231.6331787109375,1760.9610595703125,426.31854248046875,2742.435791015625,1327.064453125,1805.8385009765625,3787.009033203125,24435.5
2024-10-24,1643.8463134765625,849.1138305664062,2406.921630859375,1232.764892578125,1751.5140380859375,418.6415100097656,2774.685546875,1328.3287353515625,1815.2144775390625,3769.919189453125,24399.400390625
2024-10-25,1631.653076171875,846.0806884765625,2428.97216796875,1235.4217529296875,1750.292236328125,428.0491943359375,2671.114013671875,1316.4808349609375,1826.5050048828125,3778.90673828125,24180.80078125
2024-10-28,1629.0577392578125,841.6158447265625,2474.8505859375,1272.2252197265625,1753.3941650390625,429.69110107421875,2730.16455078125,1322.9251708984375,1868.230712890625,3809.91943359375,24339.150390625
2024-10-29,1603.3489990234375,850.1814575195312,2447.8037109375,1310.6029052734375,1748.59326171875,433.06365966796875,2696.687744140625,1328.52685546875,1837.5008544921875,3795.390625,24466.849609375
2024-10-30,1599.6761474609375,841.8099975585938,2454.81787109375,1291.21728515625,1713.227783203125,436.2586975097656,2658.204345703125,1332.3935546875,1818.356201171875,3804.145263671875,24340.849609375
2024-10-31,1579.35400390625,842.3438720703125,2429.164306640625,1271.6346435546875,1670.5897216796875,433.81805419921875,2678.67333984375,1320.64501953125,1815.2144775390625,3695.92529296875,24205.349609375
2024-11-01,1583.1246337890625,843.120361328125,2438.0517578125,1271.19189453125,1674.011962890625,435.1492919921875,2766.14453125,1327.1884765625,1824.54150390625,3710.59375,24304.349609375
2024-11-04,1558.4442138671875,831.8612670898438,2425.849365234375,1256.82470703125,1676.6739501953125,430.0904541015625,2831.232666015625,1291.0009765625,1775.943359375,3691.920166015625,23995.349609375
2024-11-05,1545.859130859375,853.0933227539062,2422.53466796875,1276.013671875,1667.68994140625,426.1853942871094,2846.44921875,1294.1240234375,1770.7398681640625,3698.626220703125,24213.30078125
2024-11-06,1565.838623046875,851.83154296875,2430.650634765625,1281.5736083984375,1733.7625732421875,426.9841613769531,2880.90771484375,1314.0023193359375,1794.1553955078125,3855.367919921875,24484.05078125
2024-11-07,1543.312744140625,847.6094360351562,2406.156494140625,1258.30078125,1714.1309814453125,424.14410400390625,2838.497314453125,1294.4710693359375,1758.3203125,3865.845703125,24199.349609375
2024-11-08,1537.534423828125,851.4432983398438,2437.45458984375,1238.7674560546875,1739.704345703125,424.2772216796875,2920.52001953125,1272.7584228515625,1776.630615234375,3862.213623046875,24148.19921875
2024-11-11,1528.377197265625,857.1941528320312,2421.27099609375,1249.0509033203125,1768.367431640625,423.30096435546875,2877.030029296875,1261.802978515625,1761.90380859375,3910.36328125,24141.30078125
2024-11-12,1523.5782470703125,833.8509521484375,2392.548828125,1250.330078125,1776.6383056640625,419.6621398925781,2845.565673828125,1263.33984375,1768.0399169921875,3909.152587890625,23883.44921875
2024-11-13,1518.4853515625,815.967529296875,2395.902099609375,1233.6995849609375,1776.2581787109375,419.08526611328125,2747.786376953125,1241.3299560546875,1746.588134765625,3865.333740234375,23559.05078125
2024-11-14,1518.5343017578125,821.5,2322.27392578125,1236.897705078125,1772.5980224609375,413.5382995605469,2755.885498046875,1256.746826171875,1735.98486328125,3861.18896484375,23532.69921875
2024-11-18,1505.3126220703125,827.4934692382812,2355.030029296875,1233.45361328125,1722.11669921875,414.0707702636719,2794.859619140625,1249.9554443359375,1715.9073486328125,3743.469482421875,23453.80078125
2024-11-19,1494.0496826171875,845.5226440429688,2342.83154296875,1229.173095703125,1734.7607421875,414.7807922363281,2895.04443359375,1231.0189208984375,1744.869873046875,3762.142333984375,23518.5
2024-11-21,1493.70703125,845.0130004882812,2316.053466796875,1230.5999755859375,1743.6021728515625,405.7281494140625,2882.576416015625,1212.5286865234375,1747.56982421875,3793.155517578125,23349.900390625
2024-11-22,1536.94677734375,847.1483154296875,2376.75390625,1257.6612548828125,1808.438720703125,421.25970458984375,2957.87451171875,1254.5655517578125,1762.591064453125,3953.111572265625,23907.25
2024-11-25,1546.201904296875,866.560546875,2402.219970703125,1280.1959228515625,1796.5076904296875,423.1678161621094,2989.927978515625,1275.9805908203125,1766.12548828125,4018.769287109375,24221.900390625
2024-11-26,1544.7327880859375,866.5363159179688,2409.7529296875,1284.132080078125,1829.2586669921875,423.3453674316406,2930.631591796875,1284.606201171875,1729.505126953125,4053.78759765625,24194.5
2024-11-27,1545.1246337890625,879.5181884765625,2417.237060546875,1279.9498291015625,1829.591552734375,423.30096435546875,2949.873779296875,1282.1275634765625,1717.5765380859375,4035.021484375,24274.900390625
2024-11-28,1528.230224609375,870.2245483398438,2393.22900390625,1265.8287353515625,1765.0875244140625,421.4815673828125,2845.712890625,1259.91943359375,1702.6533203125,3953.390625,23914.150390625
2024-11-29,1593.6041259765625,871.632080078125,2426.22802734375,1279.3594970703125,1766.2283935546875,423.12347412109375,2911.881103515625,1281.1361083984375,1748.4534912109375,3977.55908203125,24131.099609375
2024-12-02,1609.7149658203125,875.8298950195312,2409.704345703125,1283.8369140625,1787.0960693359375,423.5228576660156,2961.261474609375,1297.941162109375,1775.5997314453125,3982.960205078125,24276.05078125
2024-12-03,1587.1402587890625,886.3125,2413.30078125,1287.527099609375,1798.789306640625,419.39593505859375,2971.96240234375,1311.9698486328125,1767.254638671875,4007.267822265625,24457.150390625
2024-12-04,1551.441650390625,902.7157592773438,2395.46484375,1295.0550537109375,1796.079833984375,414.5589294433594,2976.3310546875,1297.74267578125,1767.4017333984375,4055.37060546875,24467.44921875
2024-12-05,1582.04736328125,905.457763671875,2424.7216796875,1315.1788330078125,1839.4310302734375,414.9139404296875,3015.45263671875,1310.7305908203125,1780.4102783203125,4157.49072265625,24708.400390625
2024-12-06,1564.9080810546875,900.6531982421875,2414.224365234375,1307.552490234375,1827.5950927734375,418.15338134765625,3016.826904296875,1300.3204345703125,1771.9669189453125,4140.21435546875,24677.80078125
2024-12-09,1569.51123046875,907.5203247070312,2333.50048828125,1301.205322265625,1828.783447265625,412.6507568359375,2995.474365234375,1284.0609130859375,1773.7342529296875,4146.40771484375,24619.0
2024-12-10,1546.10400390625,906.59814453125,2330.196044921875,1309.2252197265625,1852.4554443359375,413.0945129394531,3010.838134765625,1273.8489990234375,1776.97412109375,4128.1533203125,24610.05078125
2024-12-11,1553.3023681640625,904.1716918945312,2334.083740234375,1306.3223876953125,1876.79296875,412.9169921875,3015.894287109375,1267.2559814453125,1780.950439453125,4123.404296875,24641.80078125
2024-12-12,1577.346435546875,902.30322265625,2279.263427734375,1308.04443359375,1889.00927734375,408.7900390625,3011.378173828125,1252.0870361328125,1772.55615234375,4149.015625,24548.69921875
2024-12-13,1647.078369140625,908.3695678710938,2323.14892578125,1323.44482421875,1901.0828857421875,417.1327209472656,3025.0732421875,1261.951904296875,1780.4102783203125,4166.6650390625,24768.30078125
2024-12-16,1628.2742919921875,905.1907958984375,2299.86962890625,1324.6256103515625,1882.402099609375,417.2214660644531,3028.460205078125,1257.44091796875,1776.826904296875,4111.99609375,24668.25
2024-12-17,1581.9984130859375,889.6853637695312,2297.051025390625,1312.47265625,1879.1221923828125,416.73333740234375,2985.902587890625,1234.6376953125,1756.4549560546875,4031.249267578125,24336.0
2024-12-18,1568.874755859375,878.74169921875,2293.114501953125,1293.1854248046875,1881.54638671875,417.57647705078125,2995.42529296875,1242.5196533203125,1768.2364501953125,4049.27099609375,24198.849609375
2024-12-19,1567.3076171875,870.3944702148438,2293.74609375,1266.3701171875,1850.2213134765625,414.0707702636719,2959.54345703125,1219.914794921875,1790.0810546875,3978.53662109375,23951.69921875
2024-12-20,1545.5653076171875,859.7177734375,2268.52294921875,1267.84619140625,1827.357421875,412.384521484375,2853.22314453125,1194.980224609375,1775.89404296875,3883.913330078125,23587.5
2024-12-23,1554.1839599609375,874.0343017578125,2273.383056640625,1276.1121826171875,1829.4013671875,420.9046936035156,2856.119140625,1211.834716796875,1781.539306640625,3872.737548828125,23753.44921875
2024-12-24,1551.2457275390625,872.6268310546875,2270.126708984375,1276.5550537109375,1814.9034423828125,424.63226318359375,2875.16455078125,1212.28076171875,1785.8592529296875,3892.481201171875,23727.650390625
2024-12-26,1566.524169921875,869.059814453125,2267.4052734375,1276.6533203125,1813.3348388671875,423.30096435546875,2921.25634765625,1206.1339111328125,1807.802001953125,3882.796142578125,23750.19921875
2024-12-27,1566.8668212890625,872.6996459960938,2275.667236328125,1286.6907958984375,1822.2237548828125,424.765380859375,2993.707275390625,1210.595458984375,1827.339599609375,3878.838134765625,23813.400390625
2024-12-30,1554.1839599609375,862.82373046875,2277.854248046875,1273.9964599609375,1812.0037841796875,423.3453674316406,2948.00830078125,1200.333984375,1849.5767822265625,3873.20263671875,23644.900390625
2024-12-31,1555.016357421875,860.3728637695312,2261.6708984375,1261.203857421875,1787.2860107421875,429.2473449707031,2952.131591796875,1205.043212890625,1851.982177734375,3813.598388671875,23644.80078125
2025-01-01,1562.802490234375,865.1774291992188,2257.0537109375,1263.1719970703125,1789.662841796875,429.51361083984375,3025.662353515625,1210.7935791015625,1855.5166015625,3830.036376953125,23742.900390625
2025-01-02,1576.5137939453125,870.5158081054688,2303.611572265625,1270.0111083984375,1861.296875,434.0399169921875,3152.402587890625,1231.167724609375,1843.7843017578125,3888.9892578125,24188.650390625
2025-01-03,1565.887451171875,848.8954467773438,2338.84619140625,1244.86865234375,1843.1387939453125,427.4279479980469,3132.228271484375,1240.437744140625,1815.950927734375,3818.347900390625,24004.75
2025-01-06,1555.701904296875,830.1141357421875,2309.637939453125,1243.933837890625,1842.283203125,407.98931884765625,3048.92919921875,1207.5714111328125,1813.741943359375,3813.784423828125,23616.05078125
2025-01-07,1558.052490234375,831.5215454101562,2323.829345703125,1258.8421630859375,1835.6282958984375,406.5606994628906,3052.021728515625,1230.2257080078125,1819.632568359375,3751.665283203125,23707.900390625
2025-01-08,1566.230224609375,822.2522583007812,2333.743408203125,1243.58935546875,1837.81494140625,414.3490295410156,3029.6875,1254.664794921875,1804.2677001953125,3826.264404296875,23688.94921875
2025-01-09,1573.91845703125,809.3916625976562,2367.179931640625,1242.260986328125,1822.7467041015625,414.8559875488281,3069.34912109375,1244.0067138671875,1793.0753173828125,3761.49072265625,23526.5
2025-01-10,1582.5860595703125,804.029052734375,2373.6435546875,1229.9111328125,1869.947998046875,410.0631408691406,3036.314208984375,1231.266845703125,1752.282470703125,3972.715087890625,23431.5
2025-01-13,1564.271484375,791.4595947265625,2382.343017578125,1210.1318359375,1865.4322509765625,404.6712341308594,2944.817626953125,1229.234375,1715.072998046875,3996.41796875,23085.94921875
2025-01-14,1567.1116943359375,799.1031494140625,2301.619140625,1220.5135498046875,1844.374755859375,402.4130859375,2993.75634765625,1228.143798828125,1738.5865478515625,3942.35400390625,23176.05078125
2025-01-15,1574.3101806640625,797.38037109375,2306.528076171875,1218.49609375,1853.501220703125,403.1043395996094,2906.137939453125,1241.478515625,1724.8416748046875,3957.767822265625,23213.19921875
2025-01-16,1596.5911865234375,801.7481079101562,2279.312255859375,1229.173095703125,1833.3466796875,398.95672607421875,2926.1162109375,1255.6065673828125,1731.174072265625,3917.441162109375,23311.80078125
2025-01-17,1593.9468994140625,794.3229370117188,2288.059814453125,1205.9002685546875,1725.9193115234375,405.731201171875,2864.022216796875,1291.19921875,1754.00048828125,3911.75048828125,23203.19921875
2025-01-20,1607.3154296875,801.35986328125,2279.506591796875,1213.28076171875,1723.8756103515625,403.4269104003906,2835.306884765625,1294.272705078125,1745.8516845703125,3867.64697265625,23344.75
2025-01-21,1592.6246337890625,797.0648803710938,2274.938232421875,1177.0677490234375,1711.896728515625,403.2886962890625,2769.727783203125,1262.7945556640625,1730.5849609375,3827.85888671875,23024.650390625
2025-01-22,1598.1092529296875,808.5423583984375,2277.319580078125,1181.299072265625,1764.8974609375,402.78173828125,2774.78369140625,1266.1654052734375,1766.174560546875,3942.38623046875,23155.349609375
2025-01-23,1602.271728515625,807.9843139648438,2256.66455078125,1182.5784912109375,1773.4534912109375,405.731201171875,2833.686767578125,1252.83056640625,1800.1932373046875,3931.810791015625,23205.349609375
2025-01-24,1610.8902587890625,800.6561889648438,2301.764892578125,1189.90966796875,1782.96044921875,407.0215759277344,2750.191650390625,1235.6292724609375,1789.0008544921875,3938.35498046875,23092.19921875
2025-01-27,1569.5601806640625,790.9500732421875,2325.82177734375,1208.3604736328125,1732.146484375,405.6390075683594,2779.83984375,1218.82421875,1754.2950439453125,3855.648681640625,22829.150390625
2025-01-28,1584.9854736328125,810.6535034179688,2321.933837890625,1227.0081787109375,1739.51416015625,401.3531188964844,2818.126953125,1223.8311767578125,1674.42724609375,3832.079345703125,22957.25
2025-01-29,1567.4544677734375,814.0020141601562,2317.1708984375,1231.6824951171875,1788.474365234375,399.41754150390625,2870.894287109375,1224.921630859375,1703.7333984375,3888.51318359375,23163.099609375
2025-01-30,1606.9237060546875,820.8933715820312,2341.2763671875,1235.5693359375,1768.2247314453125,402.0444030761719,2917.133056640625,1242.3214111328125,1707.4149169921875,3888.75,23249.5
2025-01-31,1592.7716064453125,824.4118041992188,2399.644287109375,1232.814208984375,1787.0960693359375,412.4595947265625,2935.197021484375,1254.2681884765625,1712.176513671875,3900.46337890625,23508.400390625
2025-02-01,1589.7845458984375,820.6264038085938,2435.850830078125,1235.520263671875,1760.0489501953125,426.33111572265625,3020.50830078125,1253.7724609375,1710.4583740234375,3863.236572265625,23482.150390625
2025-02-03,1618.2845458984375,814.3417358398438,2373.54638671875,1233.0108642578125,1771.40966796875,418.7732238769531,3115.29345703125,1235.232666015625,1708.8875732421875,3858.968505859375,23361.05078125
2025-02-04,1627.1968994140625,835.1613159179688,2369.755859375,1247.9683837890625,1805.1590576171875,419.51055908203125,3130.755615234375,1274.196044921875,1733.0885009765625,3895.389404296875,23739.25
2025-02-05,1626.217529296875,843.3629760742188,2324.072265625,1247.476318359375,1803.4952392578125,413.0586853027344,3120.643798828125,1267.2559814453125,1720.81640625,3880.261474609375,23696.30078125
2025-02-06,1586.356689453125,846.299072265625,2306.236083984375,1252.101318359375,1821.177978515625,406.5606994628906,3082.55322265625,1270.577392578125,1720.5693359375,3872.341552734375,23603.349609375
2025-02-07,1642.1815185546875,840.9122314453125,2297.63427734375,1236.8487548828125,1809.7696533203125,397.1133117675781,3139.983642578125,1255.8544921875,1728.2733154296875,3821.7412109375,23559.94921875
2025-02-10,1658.1455078125,832.6619873046875,2295.301513671875,1242.4576416015625,1787.5712890625,393.7491149902344,3079.902587890625,1242.916259765625,1710.7911376953125,3828.902099609375,23381.599609375
2025-02-11,1661.7691650390625,825.6978759765625,2250.3955078125,1232.764892578125,1783.150634765625,385.5459899902344,3029.5400390625,1224.2772216796875,1678.839111328125,3759.284912109375,23071.80078125
2025-02-12,1676.2640380859375,828.3185424804688,2267.162353515625,1231.8299560546875,1771.2672119140625,383.7671203613281,2932.59521484375,1206.1339111328125,1673.01171875,3746.57568359375,23045.25
2025-02-13,1679.251220703125,823.9022827148438,2256.470458984375,1228.976318359375,1752.3485107421875,383.57989501953125,2923.563232421875,1205.687744140625,1724.8658447265625,3708.636962890625,23031.400390625
2025-02-14,1681.650634765625,822.5191040039062,2253.40869140625,1239.99755859375,1764.8499755859375,384.0948486328125,2888.810546875,1206.827880859375,1679.5799560546875,3732.06396484375,22929.25
2025-02-17,1641.00634765625,833.4384765625,2264.149169921875,1231.1904296875,1751.4451904296875,382.5500183105469,2780.18310546875,1214.412353515625,1693.111328125,3703.27783203125,22959.5
2025-02-18,1634.493408203125,836.2047729492188,2231.684814453125,1223.2196044921875,1760.619384765625,379.4136047363281,2739.049072265625,1214.908203125,1680.6663818359375,3673.59130859375,22945.30078125
2025-02-19,1611.281982421875,838.21875,2187.3623046875,1241.52294921875,1721.498779296875,380.49029541015625,2706.995849609375,1216.9405517578125,1655.9739990234375,3589.083251953125,22932.900390625
2025-02-20,1609.6170654296875,818.7579956054688,2185.078125,1230.009521484375,1735.14111328125,376.4176025390625,2787.5458984375,1222.4429931640625,1648.7637939453125,3584.62548828125,22913.150390625
2025-02-21,1605.4547119140625,821.3786010742188,2178.85693359375,1213.28076171875,1725.4915771484375,375.3409423828125,2620.555419921875,1217.634521484375,1623.528076171875,3590.885009765625,22795.900390625
2025-02-24,1568.287109375,813.9049682617188,2178.66259765625,1198.9136962890625,1677.1016845703125,376.2771911621094,2659.6767578125,1204.1510009765625,1619.3304443359375,3486.1748046875,22553.349609375
2025-02-25,1607.560302734375,816.4528198242188,2196.0126953125,1204.6212158203125,1680.5242919921875,379.03912353515625,2727.072021484375,1193.6912841796875,1593.7489013671875,3442.498046875,22547.55078125
2025-02-27,1616.374755859375,825.358154296875,2182.064697265625,1202.9482421875,1677.2919921875,375.9963073730469,2676.7099609375,1196.7647705078125,1627.23193359375,3426.374267578125,22545.05078125
2025-02-28,1537.828125,840.7423095703125,2128.896728515625,1184.8909912109375,1604.469482421875,369.8171081542969,2537.845703125,1189.82470703125,1573.6494140625,3303.737548828125,22124.69921875
2025-03-03,1562.9005126953125,825.7706909179688,2115.87255859375,1186.9573974609375,1624.3388671875,372.11090087890625,2564.155517578125,1161.2216796875,1565.599609375,3313.03271484375,22119.30078125
2025-03-04,1542.8720703125,829.8715209960938,2096.918701171875,1191.0904541015625,1605.0400390625,369.6766662597656,2565.5791015625,1151.9517822265625,1547.2283935546875,3350.02294921875,22082.650390625
2025-03-05,1584.8875732421875,820.1654052734375,2109.6513671875,1196.305908203125,1627.0958251953125,379.2263488769531,2676.7587890625,1165.5345458984375,1562.9820556640625,3364.249755859375,22337.30078125
2025-03-06,1593.3592529296875,820.7477416992188,2156.79296875,1198.6185302734375,1631.2313232421875,379.8349304199219,2692.27001953125,1199.243408203125,1594.14404296875,3415.988525390625,22544.69921875
2025-03-07,1597.080810546875,819.8013916015625,2142.79638671875,1195.17431640625,1602.853271484375,378.149658203125,2677.986328125,1239.0992431640625,1589.501953125,3425.09375,22552.5
2025-03-10,1597.32568359375,818.9521484375,2184.7861328125,1195.469482421875,1617.5413818359375,379.1795654296875,2653.19775390625,1227.7967529296875,1591.6746826171875,3404.65380859375,22460.30078125
2025-03-11,1628.666015625,817.9815673828125,2154.848876953125,1225.5321044921875,1579.656494140625,380.3030700683594,2597.23974609375,1236.62060546875,1634.9359130859375,3391.043701171875,22497.900390625
2025-03-12,1608.9803466796875,830.4296264648438,2131.47265625,1224.105224609375,1512.395751953125,386.1077575683594,2604.798828125,1246.287109375,1656.2208251953125,3325.505126953125,22470.5
2025-03-13,1598.84375,828.2214965820312,2113.8798828125,1230.10791015625,1501.938232421875,385.7800598144531,2595.177978515625,1237.215576171875,1662.73974609375,3330.104736328125,22397.19921875
2025-03-17,1605.356689453125,830.0656127929688,2110.42919921875,1248.7557373046875,1511.6353759765625,381.9414978027344,2655.700927734375,1228.2427978515625,1683.333251953125,3317.443115234375,22508.75
2025-03-18,1605.356689453125,830.0656127929688,2110.42919921875,1248.7557373046875,1511.6353759765625,383.0181884765625,2655.700927734375,1228.2427978515625,1683.333251953125,3317.443115234375,22834.30078125
2025-03-19,1603.3978271484375,846.42041015625,2138.422607421875,1292.1519775390625,1508.307861328125,377.35382080078125,2738.116455078125,1236.471923828125,1711.0380859375,3316.874267578125,22907.599609375
2025-03-20,1670.093994140625,858.3832397460938,2179.586181640625,1300.6148681640625,1535.8778076171875,378.1965026855469,2776.403564453125,1258.2835693359375,1728.7178955078125,3379.51953125,23190.650390625
2025-03-21,1690.22021484375,859.15966796875,2183.27978515625,1321.673583984375,1514.011962890625,379.6944580078125,2750.633544921875,1265.4217529296875,1762.5465087890625,3393.699462890625,23350.400390625
2025-03-24,1683.3646240234375,873.5489501953125,2192.99951171875,1336.4835205078125,1514.2021484375,384.703369140625,2723.9794921875,1290.9512939453125,1762.8427734375,3441.928955078125,23658.349609375
2025-03-25,1694.8233642578125,883.958740234375,2207.6767578125,1322.263916015625,1548.141357421875,383.67352294921875,2685.9873046875,1274.4439697265625,1743.0394287109375,3469.244873046875,23668.650390625
2025-03-26,1702.7073974609375,876.7277221679688,2183.03662109375,1314.58837890625,1520.5716552734375,381.3797302246094,2692.123046875,1262.150146484375,1737.310791015625,3448.42578125,23486.849609375
2025-03-27,1689.142822265625,885.8514404296875,2181.773193359375,1315.326416015625,1524.469482421875,383.3458557128906,2683.041748046875,1267.2559814453125,1710.1490478515625,3463.0322265625,23591.94921875
2025-03-28,1697.6636962890625,887.2344970703125,2195.5751953125,1326.8397216796875,1493.1920166015625,383.626708984375,2617.0703125,1264.1824951171875,1713.359130859375,3420.3037109375,23519.349609375
2025-04-01,1688.604248046875,857.9463500976562,2171.27587890625,1297.416748046875,1451.21923828125,380.724365234375,2589.68017578125,1241.8751220703125,1677.4564208984375,3367.806396484375,23165.69921875
2025-04-02,1718.426513671875,872.0444946289062,2175.212158203125,1310.0125732421875,1473.7030029296875,382.9713439941406,2589.336669921875,1240.437744140625,1692.568115234375,3361.3095703125,23332.349609375
2025-04-03,1710.00390625,871.0496215820312,2181.676025390625,1308.3397216796875,1422.6986083984375,383.29901123046875,2563.7138671875,1238.0086669921875,1748.224853515625,3227.765625,23250.099609375
2025-04-04,1707.50634765625,881.9447631835938,2181.676025390625,1313.998046875,1380.060546875,383.57989501953125,2549.086181640625,1194.38525390625,1688.3209228515625,3129.3623046875,22904.44921875
2025-04-07,1651.87744140625,853.0205078125,2186.389892578125,1267.009765625,1327.8680419921875,380.16259765625,2445.7109375,1155.7191162109375,1645.8499755859375,3105.319091796875,22161.599609375
2025-04-08,1684.931640625,858.5773315429688,2225.12353515625,1279.1627197265625,1358.3375244140625,386.2481689453125,2477.518798828125,1172.0780029296875,1667.579345703125,3123.244873046875,22535.849609375
2025-04-09,1680.181640625,856.5632934570312,2284.172119140625,1280.04833984375,1334.4752197265625,389.75909423828125,2476.97900390625,1175.2010498046875,1631.8740234375,3079.28369140625,22399.150390625
2025-04-11,1720.38525390625,876.8247680664062,2299.86962890625,1290.7252197265625,1339.9417724609375,394.6744079589844,2533.182373046875,1208.5133056640625,1666.7891845703125,3064.961669921875,22828.55078125
2025-04-15,1761.71533203125,905.0452270507812,2295.35009765625,1328.66015625,1355.675537109375,393.59771728515625,2597.63232421875,1229.4822998046875,1684.0245361328125,3080.80126953125,23328.55078125
2025-04-16,1785.024658203125,911.4027099609375,2300.30712890625,1334.7613525390625,1343.4117431640625,397.3895568847656,2586.440673828125,1228.689208984375,1672.27099609375,3105.08203125,23437.19921875
2025-04-17,1850.1536865234375,925.3309326171875,2308.4716796875,1384.2587890625,1349.4959716796875,400.0110168457031,2630.421630859375,1263.5877685546875,1729.952392578125,3128.88818359375,23851.650390625
2025-04-21,1844.5711669921875,935.231201171875,2285.14404296875,1387.3095703125,1379.442626953125,395.8915100097656,2713.47509765625,1284.4078369140625,1723.4337158203125,3150.41845703125,24125.55078125
2025-04-22,1814.014404296875,952.0227661132812,2331.5078125,1393.902587890625,1352.6334228515625,405.9561767578125,2765.604736328125,1280.144775390625,1725.903076171875,3143.58935546875,24167.25
2025-04-23,1842.8082275390625,933.67822265625,2355.90478515625,1401.676513671875,1402.1639404296875,403.3815002441406,2864.4638671875,1288.869384765625,1766.793701171875,3237.108154296875,24328.94921875
2025-04-24,1807.5504150390625,930.2325439453125,2260.164306640625,1380.3226318359375,1398.8365478515625,402.6324768066406,2848.363525390625,1290.4556884765625,1781.7078857421875,3226.2958984375,24246.69921875
2025-04-25,1779.73583984375,927.5148315429688,2266.87060546875,1382.38916015625,1407.2025146484375,400.52593994140625,2811.843505859375,1289.2659912109375,1765.410888671875,3270.30419921875,24039.349609375
2025-04-28,1784.2412109375,931.882568359375,2253.651611328125,1406.00634765625,1409.0087890625,401.4621887207031,2877.030029296875,1357.0804443359375,1818.944091796875,3266.0361328125,24328.5
2025-04-29,1786.1998291015625,926.3501586914062,2256.66455078125,1406.9903564453125,1423.6495361328125,398.8407287597656,2856.413818359375,1387.7156982421875,1783.2882080078125,3293.541748046875,24335.94921875
2025-04-30,1826.060791015625,934.2120361328125,2276.493408203125,1404.235107421875,1426.1212158203125,398.6534729003906,2875.262939453125,1392.9703369140625,1809.758544921875,3275.710693359375,24334.19921875
2025-05-02,1810.0968017578125,932.7075805664062,2253.651611328125,1407.2855224609375,1432.5859375,402.1175537109375,2863.874755859375,1407.6436767578125,1802.1531982421875,3254.180419921875,24346.69921875
2025-05-05,1827.5299072265625,939.9386596679688,2282.8115234375,1406.5968017578125,1434.2020263671875,409.0926208496094,2966.26806640625,1419.0452880859375,1814.0054931640625,3276.27978515625,24461.150390625
2025-05-06,1861.8082275390625,937.4635620117188,2315.081298828125,1408.7615966796875,1436.9588623046875,407.7818298339844,3012.310791015625,1408.7342529296875,1796.720703125,3281.685791015625,24379.599609375
2025-05-07,1857.6949462890625,944.2092895507812,2304.389404296875,1412.5010986328125,1433.9168701171875,403.662353515625,3062.869384765625,1393.9617919921875,1759.3858642578125,3267.5537109375,24414.400390625
2025-05-08,1836.2464599609375,935.91064453125,2288.934814453125,1412.5994873046875,1436.864013671875,403.1474609375,2977.656494140625,1394.9532470703125,1745.459228515625,3271.15771484375,24273.80078125
2025-05-09,1810.292724609375,917.080810546875,2267.551025390625,1366.742919921875,1433.2513427734375,396.5469055175781,2927.588623046875,1365.4083251953125,1723.3349609375,3263.001220703125,24008.0
2025-05-12,1832.23095703125,949.8388671875,2315.76171875,1425.39208984375,1546.66796875,407.73504638671875,3047.947265625,1424.2005615234375,1665.455810546875,3433.8193359375,24924.69921875
2025-05-13,1783.0657958984375,933.0473022460938,2293.89208984375,1407.777587890625,1491.2430419921875,400.6195983886719,2997.97802734375,1403.57861328125,1679.0860595703125,3333.851318359375,24578.349609375
2025-05-14,1796.3853759765625,927.2236938476562,2284.658203125,1403.44775390625,1513.869384765625,401.7430725097656,3045.1005859375,1412.204345703125,1687.18505859375,3365.814453125,24666.900390625
2025-05-15,1828.7049560546875,938.4827270507812,2289.226318359375,1427.6553955078125,1533.453369140625,405.0667419433594,3086.823486328125,1441.7491455078125,1718.692626953125,3395.406494140625,25062.099609375
2025-05-16,1776.6019287109375,938.9195556640625,2314.692626953125,1430.8043212890625,1511.49267578125,407.92230224609375,3078.28271484375,1443.9302978515625,1713.5567626953125,3377.76513671875,25019.80078125
2025-05-19,1780.813232421875,940.8607788085938,2315.9560546875,1425.8841552734375,1482.8770751953125,407.5946044921875,3070.821533203125,1428.4638671875,1708.91455078125,3337.4560546875,24945.44921875
2025-05-20,1771.6070556640625,929.310546875,2275.521484375,1415.25634765625,1483.6375732421875,407.17327880859375,3007.50048828125,1412.4024658203125,1686.7901611328125,3318.011962890625,24683.900390625
2025-05-21,1784.9267578125,935.085693359375,2297.682373046875,1421.6527099609375,1491.14794921875,405.3944396972656,3034.203125,1416.9630126953125,1710.494873046875,3344.094482421875,24813.44921875
2025-05-22,1793.643310546875,931.7369995117188,2265.412841796875,1419.0941162109375,1471.1834716796875,398.934326171875,2951.34619140625,1397.332763671875,1697.555908203125,3297.809814453125,24609.69921875
2025-05-23,1793.93701171875,938.3856811523438,2293.114501953125,1426.67138671875,1487.6304931640625,408.4840393066406,2957.629150390625,1414.5838623046875,1662.8876953125,3333.471923828125,24853.150390625
2025-05-26,1809.313232421875,941.5886840820312,2327.03662109375,1437.2989501953125,1502.55615234375,414.66326904296875,3023.895263671875,1422.5152587890625,1655.47998046875,3355.002197265625,25001.150390625
2025-05-27,1805.78759765625,934.8429565429688,2313.526123046875,1423.3255615234375,1492.669189453125,406.2370300292969,2984.23388671875,1409.9239501953125,1662.6903076171875,3318.3916015625,24826.19921875
2025-05-28,1817.833984375,933.484130859375,2295.835693359375,1430.6075439453125,1494.2852783203125,400.65911865234375,2943.00146484375,1400.8028564453125,1645.8994140625,3317.443115234375,24752.44921875
2025-05-29,1825.1793212890625,935.42529296875,2300.404296875,1433.264404296875,1507.40478515625,399.2765197753906,2953.99658203125,1405.660888671875,1678.8885498046875,3317.82275390625,24833.599609375
2025-05-30,1817.9317626953125,943.86962890625,2282.51953125,1422.7352294921875,1506.5369873046875,398.60906982421875,2922.385498046875,1408.7342529296875,1656.9615478515625,3284.91015625,24750.69921875
2025-06-02,1815.8751220703125,937.65771484375,2305.167236328125,1427.3602294921875,1497.9569091796875,399.8009338378906,2970.587890625,1401.5958251953125,1653.9984130859375,3272.011474609375,24716.599609375
2025-06-03,1803.3392333984375,934.0178833007812,2286.40771484375,1414.961181640625,1487.5450439453125,397.5602722167969,2990.811279296875,1393.466064453125,1646.98583984375,3229.709716796875,24542.5
2025-06-04,1836.736083984375,942.073974609375,2298.265869140625,1408.1712646484375,1495.4503173828125,397.60791015625,2997.5849609375,1411.3118896484375,1644.41796875,3235.164306640625,24620.19921875
2025-06-05,1840.06591796875,946.1505126953125,2309.83251953125,1431.591552734375,1498.43896484375,399.6102600097656,2986.0009765625,1430.0501708984375,1662.3939208984375,3225.78662109375,24750.900390625
2025-06-06,1831.6431884765625,960.2728881835938,2322.857177734375,1436.413330078125,1507.5975341796875,401.4695739746094,3049.71435546875,1431.140625,1658.5418701171875,3238.322265625,25003.05078125
2025-06-09,1826.6483154296875,960.3699951171875,2326.162109375,1411.9107666015625,1516.3704833984375,403.3765563964844,3030.963623046875,1436.3953857421875,1673.554931640625,3274.396728515625,25103.19921875
2025-06-10,1818.8133544921875,953.7698974609375,2328.10595703125,1400.200439453125,1538.6402587890625,407.14288330078125,3011.427490234375,1426.1834716796875,1668.02392578125,3313.62939453125,25104.25
2025-06-11,1821.849365234375,946.538818359375,2309.83251953125,1408.1712646484375,1572.478759765625,406.3323974609375,3024.38623046875,1436.4945068359375,1669.8016357421875,3322.24169921875,25141.400390625
2025-06-12,1806.17919921875,943.1417236328125,2267.356689453125,1402.4637451171875,1550.787353515625,401.4219055175781,2964.01025390625,1429.2569580078125,1666.6409912109375,3286.166748046875,24888.19921875
2025-06-13,1802.4576416015625,930.6207885742188,2254.04052734375,1393.5089111328125,1544.424560546875,394.6520690917969,2951.051513671875,1415.67431640625,1667.0362548828125,3297.1708984375,24718.599609375
2025-06-16,1822.9267578125,939.2592163085938,2262.204833984375,1404.13671875,1565.441162109375,398.7521057128906,2968.330078125,1425.489501953125,1664.56689453125,3345.590087890625,24946.5
2025-06-17,1816.560791015625,936.4445190429688,2263.37158203125,1400.49560546875,1580.9625244140625,397.98931884765625,2952.2294921875,1418.9459228515625,1629.8985595703125,3363.77099609375,24853.400390625
2025-06-18,1827.4320068359375,938.5313110351562,2232.9482421875,1390.064697265625,1574.214111328125,396.5590515136719,2985.510009765625,1417.85546875,1627.7257080078125,3302.625244140625,24812.05078125
2025-06-19,1838.3031005859375,939.2107543945312,2229.93505859375,1388.78564453125,1560.2352294921875,396.6544189453125,3038.228271484375,1421.028076171875,1627.3306884765625,3276.40625,24793.25
2025-06-20,1896.772216796875,953.4786987304688,2241.598876953125,1404.33349609375,1564.573486328125,399.0858154296875,3126.1904296875,1453.6463623046875,1644.6153564453125,3287.602294921875,25112.400390625
2025-06-23,1896.380615234375,945.5681762695312,2234.62548828125,1397.4451904296875,1527.071533203125,394.6520690917969,3077.693603515625,1444.326904296875,1642.0474853515625,3247.317138671875,24971.900390625
2025-06-24,1893.7362060546875,951.634521484375,2222.839111328125,1401.38134765625,1524.7576904296875,395.0811462402344,3092.517578125,1438.378173828125,1641.2572021484375,3244.25439453125,25044.349609375
2025-06-25,1925.0765380859375,961.0009155273438,2238.1611328125,1403.05419921875,1556.8609619140625,396.9881591796875,3156.721923828125,1454.737060546875,1649.06005859375,3296.309814453125,25244.75
2025-06-26,1972.7724609375,981.1896362304688,2240.223876953125,1416.1419677734375,1557.92138671875,400.7544250488281,3157.0166015625,1482.4971923828125,1649.257568359375,3293.439208984375,25549.0
2025-06-27,1985.30859375,988.5982666015625,2265.859375,1438.8734130859375,1550.208984375,399.18115234375,3144.744873046875,1502.425048828125,1666.838623046875,3292.76953125,25637.80078125
2025-06-30,1968.1693115234375,982.023681640625,2253.778564453125,1422.7352294921875,1544.2318115234375,397.08349609375,3125.012451171875,1487.7518310546875,1655.0849609375,3312.7685546875,25517.05078125
2025-07-01,1977.767333984375,987.2244873046875,2254.662353515625,1409.1552734375,1549.05224609375,395.7962646484375,3118.042236328125,1515.3138427734375,1646.689453125,3281.860595703125,25541.80078125
2025-07-02,1991.380859375,974.418701171875,2266.05615234375,1405.0223388671875,1552.619140625,393.74627685546875,3107.34130859375,1505.796142578125,1656.86279296875,3275.73681640625,25453.400390625
2025-07-03,1977.66943359375,974.9583740234375,2272.243896484375,1403.152587890625,1560.5244140625,394.1276550292969,3116.373291015625,1504.8045654296875,1659.0357666015625,3254.20654296875,25405.30078125
2025-07-04,1975.6126708984375,976.037841796875,2297.68310546875,1419.7830810546875,1581.733642578125,393.3648376464844,3129.634033203125,1514.223388671875,1655.677734375,3272.387451171875,25461.0
2025-07-07,1991.9683837890625,975.1055908203125,2367.518310546875,1412.796142578125,1568.5262451171875,396.79742431640625,3127.35791015625,1528.3016357421875,1664.6953125,3264.63671875,25461.30078125
2025-07-08,1988.1488037109375,981.974609375,2350.133056640625,1418.9957275390625,1579.8055419921875,397.7986145019531,3125.081787109375,1524.43505859375,1657.3623046875,3259.373779296875,25522.5
2025-07-09,1978.06103515625,986.7828369140625,2380.286865234375,1409.0570068359375,1574.9853515625,399.9440002441406,3143.290771484375,1505.9942626953125,1654.290283203125,3237.939453125,25476.099609375
2025-07-10,1923.9991455078125,984.3296508789062,2365.553955078125,1401.38134765625,1557.728759765625,397.46490478515625,3129.53515625,1504.209716796875,1647.4527587890625,3236.217041015625,25355.25
2025-07-11,1882.2774658203125,973.2902221679688,2474.775634765625,1399.2164306640625,1537.5797119140625,397.4172058105469,3041.26220703125,1482.3980712890625,1656.8668212890625,3125.21728515625,25149.849609375
2025-07-14,1881.298095703125,972.94677734375,2471.8291015625,1400.2989501953125,1513.8638916015625,399.8962707519531,3059.9658203125,1470.9964599609375,1667.370849609375,3083.78369140625,25082.30078125
2025-07-15,1894.3238525390625,979.079833984375,2481.94580078125,1407.9744873046875,1528.614013671875,402.4707336425781,3096.08642578125,1472.6820068359375,1711.864501953125,3112.107666015625,25195.80078125
2025-07-16,1896.67431640625,979.4722900390625,2472.811279296875,1403.6446533203125,1550.1126708984375,404.8544616699219,3163.28076171875,1472.8802490234375,1685.6043701171875,3104.234619140625,25212.05078125
2025-07-17,1890.112548828125,974.8602294921875,2465.14990234375,1396.0675048828125,1526.589599609375,404.2347106933594,3161.79638671875,1463.759033203125,1687.9825439453125,3081.286865234375,25111.44921875
2025-07-18,1877.372802734375,960.38623046875,2445.309326171875,1403.05419921875,1529.095947265625,403.09051513671875,3159.223388671875,1463.3624267578125,1678.271240234375,3062.756591796875,24968.400390625
2025-07-21,1885.4708251953125,981.5330200195312,2421.048828125,1442.4161376953125,1527.36083984375,400.5637512207031,3212.958984375,1416.3682861328125,1676.983154296875,3032.31982421875,25090.69921875
2025-07-22,1883.100830078125,984.771240234375,2435.58544921875,1450.0916748046875,1514.4423828125,396.6544189453125,3223.349853515625,1400.70361328125,1662.8125,3033.6640625,25060.900390625
2025-07-23,1919.640869140625,993.2103881835938,2406.806640625,1464.852294921875,1517.9129638671875,395.65325927734375,3234.82958984375,1412.4024658203125,1667.2718505859375,3052.386962890625,25219.900390625
2025-07-24,1912.0364990234375,988.2548217773438,2394.430908203125,1459.7353515625,1496.70361328125,390.8857727050781,3227.011474609375,1390.8883056640625,1676.685791015625,3022.5263671875,25062.099609375
2025-07-25,1913.814208984375,985.9922485351562,2372.42919921875,1453.5357666015625,1461.2261962890625,390.361328125,3212.662109375,1379.7841796875,1683.622314453125,3010.8125,24837.0
2025-07-28,1866.805908203125,987.9105224609375,2398.163330078125,1464.6556396484375,1461.515380859375,390.83807373046875,3176.442626953125,1375.7193603515625,1686.79345703125,2956.564697265625,24680.900390625
2025-07-29,1894.4578857421875,994.3539428710938,2409.949951171875,1462.4906005859375,1459.2979736328125,389.45550537109375,3166.150634765625,1404.966796875,1695.018310546875,2934.193359375,24821.099609375
2025-07-30,1908.580078125,996.4197998046875,2394.037841796875,1458.7513427734375,1464.40771484375,388.6450500488281,3175.5517578125,1398.0267333984375,1718.107421875,2931.888916015625,24855.05078125
2025-07-31,1890.507568359375,992.6815795898438,2476.34716796875,1457.767333984375,1454.76708984375,392.79278564453125,3169.812255859375,1378.2969970703125,1691.2525634765625,2915.758544921875,24768.349609375
2025-08-01,1860.9791259765625,989.7304077148438,2508.26904296875,1448.12353515625,1416.782958984375,397.08349609375,3126.467529296875,1381.76708984375,1614.9495849609375,2883.305908203125,24565.349609375
2025-08-04,1890.8037109375,979.7947387695312,2498.44677734375,1439.8575439453125,1427.291259765625,397.46490478515625,3166.9423828125,1399.4146728515625,1626.7418212890625,2951.859619140625,24722.75
2025-08-05,1907.7900390625,972.7118530273438,2489.60693359375,1421.357421875,1407.8172607421875,394.89044189453125,3178.817626953125,1379.7841796875,1617.327880859375,2941.7783203125,24649.55078125
2025-08-06,1905.716064453125,976.499267578125,2490.490966796875,1420.5703125,1385.0654296875,392.8404235839844,3193.958740234375,1380.8748779296875,1580.7618408203125,2911.43798828125,24574.19921875
2025-08-07,1898.704345703125,981.4671020507812,2472.712890625,1417.322998046875,1385.2581787109375,394.36602783203125,3177.729248046875,1377.50390625,1583.9329833984375,2925.55224609375,24596.150390625
2025-08-08,1835.499755859375,970.8920288085938,2454.1494140625,1412.9931640625,1371.9542236328125,395.22418212890625,3111.524169921875,1356.0888671875,1572.537109375,2915.37451171875,24363.30078125
2025-08-11,1834.314697265625,981.5654296875,2473.5966796875,1413.681884765625,1376.870849609375,397.46490478515625,3153.087890625,1374.331298828125,1593.8424072265625,2919.59912109375,24585.05078125
2025-08-12,1827.302978515625,968.924560546875,2439.612548828125,1410.112060546875,1372.9183349609375,396.9881591796875,3202.864990234375,1368.5810546875,1607.5174560546875,2914.4140625,24487.400390625
2025-08-13,1844.1904296875,974.0399169921875,2450.711669921875,1408.922119140625,1375.3284912109375,394.8427734375,3248.090087890625,1370.7620849609375,1624.958251953125,2915.1826171875,24619.349609375
2025-08-14,1850.5108642578125,979.35205078125,2436.469482421875,1415.3677978515625,1395.6700439453125,392.3160095214844,3231.464599609375,1367.4774169921875,1626.5438232421875,2901.836669921875,24631.30078125
2025-08-18,1868.781005859375,985.5003662109375,2522.4130859375,1422.606689453125,1384.19775390625,387.4054870605469,3347.941650390625,1375.3409423828125,1617.9224853515625,2891.17919921875,24876.94921875
2025-08-19,1885.964599609375,979.35205078125,2558.4599609375,1424.29248046875,1388.2469482421875,390.0753173828125,3319.14404296875,1413.564208984375,1611.877685546875,2895.979736328125,24980.650390625
2025-08-20,1904.4322509765625,977.9256591796875,2622.3037109375,1418.64013671875,1442.427001953125,387.1671142578125,3360.311767578125,1406.4969482421875,1618.31884765625,2975.09521484375,25050.55078125
2025-08-21,1905.9136962890625,979.4012451171875,2600.891357421875,1433.911376953125,1442.619873046875,386.69036865234375,3340.02490234375,1418.24267578125,1625.3544921875,2978.935791015625,25083.75
2025-08-22,1909.2713623046875,966.317626953125,2583.11328125,1424.3917236328125,1434.0396728515625,379.77752685546875,3367.634765625,1402.71435546875,1626.940185546875,2932.27294921875,24870.099609375
2025-08-25,1906.70361328125,966.0717163085938,2584.783203125,1421.2183837890625,1477.0367431640625,380.7787170410156,3363.577392578125,1406.0987548828125,1641.7052001953125,3015.42138671875,24967.75
2025-08-26,1881.0267333984375,957.5625,2644.697998046875,1404.7572021484375,1474.6265869140625,384.5926818847656,3296.18505859375,1378.5262451171875,1585.8157958984375,3031.359619140625,24712.05078125
2025-08-28,1857.7200927734375,942.2162475585938,2607.177490234375,1387.4034423828125,1446.1868896484375,382.2566223144531,3261.05419921875,1379.521728515625,1571.3477783203125,2970.390380859375,24500.900390625
2025-08-29,1865.324462890625,936.1171264648438,2612.4814453125,1386.1143798828125,1416.782958984375,390.695068359375,3166.24951171875,1350.9537353515625,1580.0682373046875,2961.74951171875,24426.849609375
2025-09-01,1876.977783203125,935.1333618164062,2602.36474609375,1399.2039794921875,1445.5120849609375,386.9764404296875,3280.945068359375,1347.6689453125,1549.150634765625,2988.537353515625,24625.05078125
2025-09-02,1863.7442626953125,929.1326904296875,2629.37548828125,1382.54443359375,1444.837158203125,387.8345947265625,3200.885986328125,1360.2109375,1551.0333251953125,2987.481201171875,24579.599609375
2025-09-03,1860.4853515625,938.9207763671875,2617.294189453125,1385.321044921875,1425.9415283203125,392.6020812988281,3251.8505859375,1366.2828369140625,1564.4111328125,2974.039306640625,24715.05078125
2025-09-04,1857.0289306640625,945.610107421875,2619.16064453125,1393.75,1410.4202880859375,396.5590515136719,3445.319091796875,1353.0440673828125,1567.9786376953125,2972.310546875,24734.30078125
2025-09-05,1871.74365234375,947.7251586914062,2586.55078125,1391.0726318359375,1392.681396484375,388.40667724609375,3524.289794921875,1368.671875,1579.17626953125,2926.80029296875,24741.0
2025-09-08,1864.238037109375,950.2828369140625,2577.219970703125,1390.973388671875,1381.402099609375,388.5973815917969,3524.289794921875,1372.15576171875,1566.6904296875,2898.668212890625,24773.150390625
2025-09-09,1870.1634521484375,949.4467163085938,2594.998046875,1391.9649658203125,1450.2359619140625,390.9811096191406,3657.88671875,1369.8662109375,1577.2935791015625,2927.856201171875,24868.599609375
2025-09-10,1867.8922119140625,950.1845092773438,2596.471435546875,1392.163330078125,1477.518798828125,393.8415832519531,3566.941650390625,1370.66259765625,1578.978271484375,2986.041015625,24973.099609375
2025-09-11,1889.2236328125,952.0535278320312,2575.35400390625,1389.882568359375,1455.4417724609375,395.74859619140625,3558.33203125,1376.9337158203125,1595.130615234375,2999.675048828125,25005.5
2025-09-12,1878.952880859375,951.5617065429688,2534.592041015625,1405.847900390625,1470.7703857421875,394.5090637207031,3552.59228515625,1388.579833984375,1601.96826171875,3008.50830078125,25114.0
2025-09-15,1880.829345703125,951.3157348632812,2535.083251953125,1407.5338134765625,1454.1885986328125,393.4601745605469,3493.61181640625,1392.8599853515625,1587.500244140625,2987.864990234375,25069.19921875
2025-09-16,1915.394287109375,951.1190185546875,2534.985107421875,1409.71533203125,1456.9844970703125,393.8892822265625,3570.50439453125,1398.8323974609375,1595.92333984375,3020.318359375,25239.099609375
2025-09-17,1917.1719970703125,950.7747192382812,2523.984130859375,1407.33544921875,1467.685546875,390.2659912109375,3595.4423828125,1407.2933349609375,1605.53564453125,3046.337890625,25330.25
2025-09-18,1916.974365234375,961.0055541992188,2540.780029296875,1409.814453125,1485.2313232421875,392.4113464355469,3604.348876953125,1408.4876708984375,1633.6785888671875,3050.082275390625,25423.599609375
2025-09-19,1938.009765625,951.168212890625,2514.06396484375,1390.4775390625,1484.845703125,391.55322265625,3554.769775390625,1400.9227294921875,1641.0115966796875,3042.881591796875,25327.05078125
2025-09-22,1931.88671875,948.5121459960938,2526.43994140625,1389.783447265625,1445.6083984375,388.0252990722656,3547.54541015625,1384.199951171875,1629.1202392578125,2951.28369140625,25202.349609375
2025-09-23,1914.604248046875,941.6260375976562,2477.329345703125,1382.6436767578125,1443.6802978515625,384.4496765136719,3577.035888671875,1383.40380859375,1616.43603515625,2940.338134765625,25169.5
2025-09-24,1907.0986328125,935.5761108398438,2504.143798828125,1371.1405029296875,1440.884521484375,382.35198974609375,3537.748291015625,1376.635009765625,1612.3731689453125,2914.4140625,25056.900390625
2025-09-25,1911.542724609375,934.3955688476562,2493.14306640625,1364.29833984375,1431.436767578125,381.49383544921875,3493.31494140625,1366.0838623046875,1612.6705322265625,2839.5234375,24890.849609375
2025-09-26,1892.7789306640625,929.6737060546875,2467.1142578125,1348.233642578125,1396.8270263671875,386.2613220214844,3361.202392578125,1371.2598876953125,1572.3387451171875,2783.547119140625,24654.69921875
2025-09-29,1878.557861328125,934.8382568359375,2453.46142578125,1336.829833984375,1389.982177734375,388.3113098144531,3382.577880859375,1366.48193359375,1574.915283203125,2780.66650390625,24634.900390625
2025-09-30,1855.0537109375,935.5269165039062,2469.66796875,1336.730712890625,1389.982177734375,382.87640380859375,3391.38525390625,1357.722412109375,1579.8701171875,2773.2734375,24611.099609375
2025-10-01,1844.387939453125,949.5450439453125,2491.080322265625,1360.530029296875,1393.83837890625,386.7380676269531,3427.406982421875,1362.4007568359375,1621.3907470703125,2798.045166015625,24836.30078125
2025-10-03,1873.126220703125,949.4467163085938,2499.62548828125,1353.786865234375,1394.609619140625,385.4985046386719,3426.021728515625,1357.125244140625,1616.43603515625,2786.235595703125,24894.25
2025-10-06,1879.4466552734375,957.6116333007812,2496.580810546875,1352.001953125,1422.9530029296875,382.11358642578125,3435.917724609375,1368.671875,1639.7232666015625,2869.287841796875,25077.650390625
2025-10-07,1905.0247802734375,966.514404296875,2472.418212890625,1364.3974609375,1406.0819091796875,381.2077941894531,3456.50146484375,1378.4267578125,1638.1378173828125,2855.173583984375,25108.30078125
2025-10-08,1919.3446044921875,962.7762451171875,2455.62255859375,1358.8443603515625,1441.2701416015625,381.16009521484375,3390.890625,1361.1068115234375,1616.83251953125,2906.541259765625,25046.150390625
2025-10-09,1917.86328125,961.2022094726562,2472.811279296875,1364.69482421875,1455.0562744140625,381.3031311035156,3407.1201171875,1371.458984375,1643.489013671875,2939.666015625,25181.80078125
2025-10-10,1915.789306640625,964.9404296875,2483.91015625,1368.7607421875,1460.4549560546875,384.0682373046875,3418.995361328125,1375.3409423828125,1655.7767333984375,2907.59765625,25285.349609375
2025-10-13,1930.6029052734375,961.1038818359375,2448.452392578125,1367.8681640625,1439.5347900390625,380.683349609375,3423.745361328125,1368.671875,1653.2994384765625,2887.33837890625,25227.349609375
2025-10-14,1922.406005859375,961.25146484375,2457.783447265625,1372.52880859375,1436.353515625,378.3472900390625,3423.844482421875,1369.5677490234375,1639.426025390625,2842.307861328125,25145.5
2025-10-15,1944.0338134765625,962.3335571289062,2474.186279296875,1386.7093505859375,1421.41064453125,381.3031311035156,3460.855712890625,1367.97509765625,1640.11962890625,2862.06396484375,25323.55078125
2025-10-16,1942.947509765625,978.1715698242188,2515.93017578125,1405.451416015625,1418.61474609375,386.3089599609375,3523.794921875,1391.8646240234375,1643.9844970703125,2862.931396484375,25585.30078125
2025-10-17,1986.9931640625,986.2381591796875,2557.37939453125,1424.5899658203125,1389.307373046875,392.98345947265625,3609.296875,1410.279541015625,1663.9024658203125,2854.739501953125,25709.849609375
2025-10-20,2026.0023193359375,986.6316528320312,2548.24462890625,1378.6771240234375,1408.395751953125,393.8415832519531,3561.697021484375,1460.04931640625,1673.3165283203125,2905.81689453125,25843.150390625
2025-10-21,2018.1016845703125,991.3043823242188,2545.593017578125,1370.4464111328125,1419.482421875,393.6509094238281,3583.567138671875,1458.4566650390625,1675.1993408203125,2897.62548828125,25868.599609375
2025-10-23,1982.9442138671875,992.386474609375,2555.31689453125,1352.2994384765625,1473.566162109375,396.60675048828125,3585.9423828125,1441.7340087890625,1674.604736328125,2961.712890625,25891.400390625
2025-10-24,2004.0782470703125,978.5650634765625,2471.63232421875,1366.182373046875,1470.57763671875,397.4172058105469,3587.32763671875,1444.9193115234375,1683.622314453125,2952.07568359375,25795.150390625
2025-10-27,2054.246826171875,986.6316528320312,2467.1142578125,1366.083251953125,1472.633056640625,401.0881652832031,3574.067138671875,1477.2696533203125,1678.271240234375,2972.98828125,25966.05078125
2025-10-28,2064.22119140625,987.2218627929688,2452.676025390625,1351.7044677734375,1468.4241943359375,398.466064453125,3541.90478515625,1480.056884765625,1671.73095703125,2946.9677734375,25936.19921875
2025-10-29,2074.4921875,991.451904296875,2443.8359375,1358.9434814453125,1478.408203125,401.9940185546875,3497.966064453125,1497.277099609375,1700.369384765625,2946.678955078125,26053.900390625
2025-10-30,2040.618408203125,981.9097900390625,2425.6650390625,1351.0103759765625,1462.1597900390625,399.2765197753906,3465.705078125,1481.6494140625,1687.9825439453125,2925.187744140625,25877.849609375
2025-10-31,2028.9649658203125,971.2362670898438,2421.637939453125,1334.0533447265625,1450.9034423828125,400.8021240234375,3450.959716796875,1479.5592041015625,1675.3974609375,2947.064208984375,25722.099609375
2025-11-03,2048.22265625,976.499267578125,2416.23583984375,1335.14404296875,1454.0355224609375,394.69976806640625,3512.018310546875,1477.866943359375,1690.9554443359375,2907.359130859375,25763.349609375
2025-11-04,2087.0341796875,969.2196655273438,2402.190185546875,1325.7235107421875,1436.808349609375,389.88458251953125,3543.98291015625,1466.3203125,1674.703857421875,2881.723876953125,25597.650390625
2025-11-06,2068.86279296875,968.6294555664062,2392.662841796875,1309.3614501953125,1435.6336669921875,388.5497131347656,3580.895263671875,1489.2144775390625,1670.6409912109375,2901.6728515625,25509.69921875
2025-11-07,1976.327392578125,966.317626953125,2389.693115234375,1331.7724609375,1445.5198974609375,385.2601318359375,3651.85009765625,1471.19775390625,1676.0911865234375,2883.26611328125,25492.30078125
2025-11-10,1994.6962890625,968.4818725585938,2384.54541015625,1336.730712890625,1481.4425048828125,386.69036865234375,3625.8232421875,1482.44580078125,1682.433349609375,2915.4541015625,25574.349609375
2025-11-11,2016.9166259765625,975.564697265625,2403.05712890625,1346.944580078125,1497.88671875,387.929931640625,3710.13818359375,1486.5269775390625,1700.567626953125,2936.463623046875,25694.94921875
2025-11-12,2048.025146484375,973.4005126953125,2400.08740234375,1347.53955078125,1518.8333740234375,388.07293701171875,3715.283935546875,1504.5435791015625,1716.4228515625,3018.18701171875,25875.80078125
2025-11-13,2065.801513671875,970.596923828125,2383.357666015625,1374.3138427734375,1509.14306640625,386.8334045410156,3661.053466796875,1503.9464111328125,1721.6749267578125,2993.03369140625,25879.150390625
2025-11-14,2074.5908203125,973.4988403320312,2403.255126953125,1361.521728515625,1470.9691162109375,389.1694641113281,3660.162841796875,1511.9095458984375,1741.196533203125,2993.322998046875,25910.05078125
2025-11-17,2085.94775390625,980.3357543945312,2400.582275390625,1367.4715576171875,1475.66748046875,388.1683044433594,3696.08544921875,1511.3123779296875,1747.93505859375,2989.66064453125,26013.44921875
2025-11-18,2122.488037109375,976.302490234375,2379.793701171875,1361.9183349609375,1454.91650390625,386.9764404296875,3656.40234375,1512.4072265625,1742.8812255859375,2975.10888671875,25910.05078125
2025-11-19,2132.956298828125,978.41748046875,2417.015380859375,1371.5372314453125,1508.4578857421875,384.78338623046875,3683.814453125,1511.9095458984375,1767.9521484375,3033.510009765625,26052.650390625
2025-11-20,2131.474853515625,992.4356689453125,2403.947998046875,1371.4381103515625,1503.955322265625,386.59503173828125,3678.07470703125,1541.9705810546875,1761.3128662109375,3030.715576171875,26192.150390625
2025-11-21,2135.820068359375,981.8114013671875,2409.19482421875,1358.0509033203125,1512.2752685546875,388.8834228515625,3710.6328125,1539.4820556640625,1763.5919189453125,3036.30517578125,26068.150390625
2025-11-24,2125.35205078125,982.8934936523438,2399.790283203125,1356.960205078125,1515.2117919921875,384.78338623046875,3652.44384765625,1528.831298828125,1764.68212890625,3027.24609375,25959.5
2025-11-25,2134.73388671875,973.6956176757812,2389.792236328125,1346.4488525390625,1498.1802978515625,382.1612854003906,3631.167236328125,1532.61376953125,1760.71826171875,3006.04443359375,25884.80078125
2025-11-26,2100.366455078125,987.5662231445312,2400.7802734375,1363.5050048828125,1524.902099609375,383.5915222167969,3648.089599609375,1562.6748046875,1788.56396484375,3048.158935546875,26205.30078125
2025-11-27,2089.3056640625,993.0750732421875,2427.013427734375,1380.5611572265625,1533.2220458984375,385.4985046386719,3642.943603515625,1556.2047119140625,1793.9150390625,3022.81298828125,26215.55078125
2025-11-28,2075.479736328125,991.2059936523438,2441.763671875,1377.189697265625,1527.055419921875,385.4508361816406,3718.252685546875,1560.285888671875,1815.022216796875,3023.68017578125,26202.94921875
2025-12-01,2063.7275390625,985.7954711914062,2439.6845703125,1378.478759765625,1530.872802734375,385.4508361816406,3702.716064453125,1558.892333984375,1791.041259765625,3019.729248046875,26175.75
2025-12-02,2077.849853515625,973.6956176757812,2452.850830078125,1361.521728515625,1527.9364013671875,382.3043212890625,3677.876708984375,1539.1834716796875,1783.2127685546875,3021.94580078125,26032.19921875
2025-12-03,2060.073486328125,984.2214965820312,2423.350830078125,1379.8670654296875,1545.261474609375,381.8752136230469,3611.473876953125,1531.718017578125,1790.3475341796875,3064.638671875,25986.0
2025-12-04,2077.65234375,980.9752197265625,2437.40771484375,1375.1070556640625,1563.7611083984375,384.3066101074219,3633.443359375,1528.53271484375,1801.8427734375,3112.053466796875,26033.75
2025-12-05,2082.590087890625,986.9759521484375,2315.052490234375,1380.858642578125,1581.9671630859375,386.1182861328125,3678.470703125,1533.5096435546875,1788.9603271484375,3120.72705078125,26186.44921875
2025-12-08,2060.27099609375,986.7791748046875,2290.699951171875,1377.98291015625,1576.681640625,383.5915222167969,3643.4384765625,1535.898681640625,1779.942626953125,3119.0888671875,25960.55078125
2025-12-09,2063.7275390625,980.8768310546875,2283.275634765625,1363.7032470703125,1565.1314697265625,382.3996276855469,3598.1142578125,1522.3612060546875,1759.9254150390625,3091.911865234375,25839.650390625
2025-12-10,2041.3095703125,973.6956176757812,2278.52392578125,1352.2001953125,1551.2322998046875,384.4019775390625,3592.275634765625,1529.8267822265625,1769.3394775390625,3073.504638671875,25758.0
2025-12-11,2027.68115234375,984.0247802734375,2282.384765625,1348.63037109375,1564.1527099609375,384.16363525390625,3627.10986328125,1537.889404296875,1790.843017578125,3076.106689453125,25898.55078125
2025-12-12,2057.505615234375,985.2052612304688,2237.837890625,1354.5802001953125,1564.348388671875,381.49383544921875,3641.3603515625,1549.3365478515625,1777.26708984375,3103.669189453125,26046.94921875
2025-12-15,2043.97607421875,979.89306640625,2270.406494140625,1353.786865234375,1572.766357421875,383.5915222167969,3570.50439453125,1549.037841796875,1780.83447265625,3113.01708984375,26027.30078125
2025-12-16,2075.87451171875,978.1223754882812,2258.13134765625,1354.5802001953125,1559.1607666015625,383.0194091796875,3583.369140625,1535.201904296875,1765.1776123046875,3088.828125,25860.099609375
2025-12-17,2081.800048828125,967.989990234375,2252.686767578125,1341.0938720703125,1568.0679931640625,381.2077941894531,3575.25439453125,1537.292236328125,1776.672607421875,3101.0673828125,25818.55078125
2025-12-18,2065.9990234375,963.7599487304688,2242.6884765625,1345.4571533203125,1592.3427734375,381.7798767089844,3549.326904296875,1537.292236328125,1730.097900390625,3161.78173828125,25815.55078125
2025-12-19,2071.6279296875,969.465576171875,2257.04248046875,1342.7796630859375,1603.9906005859375,382.3996276855469,3566.150146484375,1557.8968505859375,1729.10693359375,3162.938232421875,25966.400390625
2025-12-22,2120.907958984375,971.6298217773438,2266.44677734375,1357.059326171875,1653.8125,383.9729309082031,3579.11376953125,1568.1495361328125,1753.7816162109375,3204.281982421875,26172.400390625
2025-12-23,2096.5146484375,980.3849487304688,2279.414794921875,1351.605224609375,1632.9637451171875,388.40667724609375,3587.4267578125,1563.4710693359375,1740.0074462890625,3189.922607421875,26177.150390625
2025-12-24,2097.304931640625,980.9752197265625,2259.22021484375,1348.43212890625,1628.16748046875,387.6915588378906,3598.906005859375,1551.0286865234375,1721.278564453125,3198.59619140625,26142.099609375
2025-12-26,2079.232177734375,975.9581909179688,2262.387939453125,1339.110595703125,1621.0220947265625,385.35546875,3585.447509765625,1552.0240478515625,1703.936767578125,3161.010986328125,26042.30078125
2025-12-29,2055.728271484375,975.564697265625,2270.20849609375,1332.070068359375,1609.863525390625,383.8775634765625,3554.769775390625,1538.4866943359375,1701.65771484375,3133.544677734375,25942.099609375
2025-12-30,2073.701904296875,974.7777709960938,2267.1396484375,1331.276611328125,1587.2528076171875,381.9705810546875,3622.260986328125,1532.71337890625,1704.6304931640625,3129.015380859375,25938.849609375
2025-12-31,2079.429931640625,975.0728759765625,2292.580810546875,1331.67333984375,1581.1842041015625,384.25897216796875,3670.652587890625,1563.172607421875,1704.135009765625,3089.887939453125,26129.599609375
2026-01-01,2084.170166015625,975.023681640625,2299.609375,1326.8143310546875,1595.2791748046875,346.9295959472656,3721.914306640625,1568.3485107421875,1705.5223388671875,3110.31884765625,26146.55078125
2026-01-02,2080.121337890625,985.3035888671875,2324.357666015625,1344.06884765625,1605.6546630859375,333.7713317871094,3762.884033203125,1584.9718017578125,1712.35986328125,3132.773681640625,26328.55078125
2026-01-05,2078.83740234375,961.5957641601562,2360.09423828125,1360.0341796875,1572.374755859375,333.4376220703125,3750.909912109375,1570.8370361328125,1713.2518310546875,3099.428955078125,26250.30078125
2026-01-06,2079.133544921875,946.544677734375,2400.285400390625,1399.4022216796875,1578.0518798828125,326.5248107910156,3746.2587890625,1500.6614990234375,1744.2684326171875,3137.688720703125,26178.69921875
2026-01-07,2058.2958984375,933.608642578125,2375.239990234375,1415.7642822265625,1604.2843017578125,325.38055419921875,3709.841064453125,1497.277099609375,1766.4656982421875,3176.044921875,26140.75
2026-01-08,2040.618408203125,931.296875,2362.66796875,1423.00341796875,1579.128662109375,325.0468444824219,3685.298828125,1463.831787109375,1744.763916015625,3087.671630859375,25876.849609375
2026-01-09,2001.905517578125,923.72216796875,2348.7099609375,1392.56005859375,1579.91162109375,321.4712219238281,3639.084228515625,1468.51025390625,1714.2427978515625,3091.43017578125,25683.30078125
2026-01-12,2018.595458984375,921.7055053710938,2381.9716796875,1401.286376953125,1562.09716796875,322.6630859375,3643.7353515625,1476.373779296875,1720.2874755859375,3122.076416015625,25790.25
2026-01-13,2001.7080078125,922.0989990234375,2365.439697265625,1424.9866943359375,1565.1314697265625,319.13519287109375,3623.4482421875,1446.11376953125,1713.053466796875,3149.446044921875,25732.30078125
2026-01-14,1997.3626708984375,910.3926391601562,2329.80224609375,1406.5421142578125,1565.91455078125,319.182861328125,3611.572998046875,1452.086181640625,1685.3070068359375,3076.68505859375,25665.599609375
2026-01-15,1997.3626708984375,910.3926391601562,2329.80224609375,1406.5421142578125,1565.91455078125,319.182861328125,3611.572998046875,1452.086181640625,1685.3070068359375,3076.68505859375,25665.599609375
2026-01-16,1991.3385009765625,915.95068359375,2336.6328125,1399.0057373046875,1654.00830078125,313.8909606933594,3620.1826171875,1451.1903076171875,1653.794921875,3146.54931640625,25694.349609375
2026-01-19,1985.01806640625,912.8027954101562,2389.593994140625,1369.05810546875,1645.59033203125,317.7049255371094,3619.390869140625,1407.0941162109375,1660.236083984375,3104.258056640625,25585.5
2026-01-20,1971.1920166015625,916.049072265625,2355.14453125,1364.29833984375,1623.7628173828125,311.12579345703125,3520.529052734375,1387.5843505859375,1599.193603515625,3044.10791015625,25232.5
2026-01-21,1971.290771484375,905.3755493164062,2344.15625,1337.7222900390625,1619.358154296875,309.64788818359375,3516.372802734375,1398.1356201171875,1598.3017578125,3064.027099609375,25157.5
2026-01-22,1977.31494140625,903.75244140625,2366.52880859375,1334.2515869140625,1628.265380859375,309.7432556152344,3536.560791015625,1396.0452880859375,1619.408935546875,3091.305419921875,25289.900390625
2026-01-23,1960.032470703125,901.1947021484375,2385.238525390625,1332.169189453125,1635.4107666015625,308.3606872558594,3506.57568359375,1379.720703125,1617.1297607421875,3103.178466796875,25048.650390625
2026-01-27,1948.873046875,911.3272094726562,2376.724853515625,1350.0186767578125,1647.05859375,303.8315734863281,3358.2333984375,1374.146484375,1624.06640625,3098.762939453125,25175.400390625
2026-01-28,1933.3680419921875,917.524658203125,2354.451416015625,1356.2659912109375,1631.2017822265625,306.2153015136719,3413.3544921875,1390.2718505859375,1596.0224609375,3140.073486328125,25342.75
2026-01-29,1943.44140625,920.2791137695312,2328.911376953125,1372.0330810546875,1624.35009765625,303.7839050292969,3349.22802734375,1384.59814453125,1574.915283203125,3085.41796875,25418.900390625
2026-01-30,1944.2313232421875,914.1307983398438,2349.10595703125,1343.672119140625,1606.241943359375,307.1687927246094,3396.135498046875,1388.9779052734375,1580.861083984375,3065.302490234375,25320.650390625
2026-02-02,1940.972412109375,912.9994506835938,2333.56396484375,1341.4906005859375,1594.8875732421875,300.06524658203125,3427.208984375,1384.0009765625,1613.166015625,3110.1455078125,25088.400390625
2026-02-03,1972.4759521484375,933.2643432617188,2344.750244140625,1378.08203125,1620.9241943359375,301.924560546875,3491.236572265625,1430.4859619140625,1686.6943359375,3164.800537109375,25727.55078125
2026-02-04,2000.6217041015625,937.5927124023438,2347.1259765625,1396.625732421875,1503.2701416015625,305.5264587402344,3536.857666015625,1450.095458984375,1688.9736328125,2942.84375,25776.0
2026-02-05,1967.6368408203125,934.248046875,2330.693115234375,1384.8251953125,1488.00048828125,301.9732666015625,3534.87841796875,1436.757080078125,1698.1494140625,2935.38623046875,25642.80078125
2026-02-06,2013.0650634765625,925.7879638671875,2399.790283203125,1394.344970703125,1475.177978515625,317.1595153808594,3540.816162109375,1444.123046875,1690.6690673828125,2886.422119140625,25693.69921875
2026-02-09,2012.8675537109375,922.0006103515625,2410.481689453125,1384.626953125,1465.4876708984375,314.23907470703125,3572.087890625,1454.873291015625,1700.1441650390625,2892.8984375,25867.30078125
2026-02-10,1986.302001953125,917.2295532226562,2428.89453125,1394.7415771484375,1466.0750732421875,312.876220703125,3637.599853515625,1451.7874755859375,1703.3359375,2928.61572265625,25935.150390625
2026-02-11,1987.0919189453125,912.0157470703125,2438.1005859375,1394.344970703125,1440.7236328125,309.80975341796875,3636.708984375,1461.9405517578125,1706.627197265625,2855.21875,25953.849609375
2026-02-12,1989.462158203125,905.6215209960938,2385.436279296875,1418.045166015625,1356.64306640625,309.0309753417969,3555.75927734375,1442.231689453125,1710.4173583984375,2698.51416015625,25807.19921875
2026-02-13,1979.783935546875,889.1932373046875,2281.988525390625,1402.77392578125,1340.1009521484375,305.4291076660156,3496.679443359375,1413.0665283203125,1693.062744140625,2641.7001953125,25471.099609375
2026-02-16,2004.177001953125,910.7368774414062,2295.649658203125,1399.7989501953125,1336.6751708984375,309.5177307128906,3473.225830078125,1430.4859619140625,1696.054931640625,2655.830322265625,25682.75
2026-02-17,1995.1900634765625,910.6385498046875,2289.01708984375,1395.7332763671875,1361.73291015625,316.8188171386719,3452.93896484375,1416.450927734375,1712.611572265625,2666.427490234375,25725.400390625
2026-02-18,1996.6715087890625,909.6548461914062,2300.1044921875,1396.4273681640625,1344.603515625,323.6331787109375,3493.809814453125,1434.666748046875,1719.8924560546875,2644.349609375,25819.349609375
2026-02-19,1963.884033203125,900.702880859375,2256.349365234375,1377.189697265625,1341.471435546875,317.3542175292969,3396.135498046875,1403.0130615234375,1708.9212646484375,2627.66845703125,25454.349609375
2026-02-20,1952.8232421875,897.0138549804688,2291.195068359375,1382.8419189453125,1324.5377197265625,318.32769775390625,3377.3330078125,1412.8675537109375,1719.8924560546875,2635.812744140625,25571.25
2026-02-23,1972.4759521484375,908.5726928710938,2321.78369140625,1387.7010498046875,1299.3822021484375,316.7701416015625,3411.276611328125,1421.4278564453125,1727.7718505859375,2626.0986328125,25713.0
2026-02-24,1916.8756103515625,895.6858520507812,2334.85107421875,1373.2230224609375,1248.4835205078125,314.9205322265625,3397.52099609375,1422.2242431640625,1727.273193359375,2525.423095703125,25424.650390625
2026-02-25,1889.6187744140625,892.8330078125,2350.98681640625,1388.791748046875,1262.7742919921875,311.2699890136719,3455.01708984375,1392.063720703125,1759.58837890625,2579.980224609375,25482.5
2026-02-26,1905.6173095703125,883.9794311523438,2359.30224609375,1393.155029296875,1261.7955322265625,309.8584289550781,3448.386962890625,1400.3255615234375,1781.0322265625,2598.034912109375,25496.55078125
2026-02-27,1855.942626953125,873.3060302734375,2314.557373046875,1367.3724365234375,1272.5625,305.2830810546875,3362.0927734375,1387.48486328125,1732.4595947265625,2587.92822265625,25178.650390625
2026-03-02,1849.9183349609375,865.0918579101562,2297.233642578125,1362.5133056640625,1261.5997314453125,306.548583984375,3299.648681640625,1351.75,1747.9190673828125,2564.4765625,24865.69921875
2026-03-04,1882.2119140625,854.5167846679688,2238.53076171875,1353.9852294921875,1279.7078857421875,303.6768493652344,3230.376220703125,1338.8099365234375,1745.92431640625,2539.2587890625,24480.5
2026-03-05,1883.2982177734375,863.4686889648438,2232.294189453125,1346.2503662109375,1278.141845703125,303.23876953125,3313.206298828125,1383.005615234375,1779.8353271484375,2530.427490234375,24765.900390625
2026-03-06,1847.5482177734375,843.10546875,2203.2890625,1302.419921875,1280.686767578125,301.48651123046875,3297.867431640625,1398.334716796875,1794.6964111328125,2509.625244140625,24450.44921875
2026-03-09,1843.4990234375,827.0215454101562,2172.50244140625,1267.7125244140625,1287.14697265625,297.8846435546875,3154.473388671875,1417.4462890625,1802.675537109375,2479.991455078125,24028.05078125
2026-03-10,1827.4017333984375,835.629150390625,2168.146484375,1300.9324951171875,1268.1578369140625,300.8537292480469,3259.470703125,1402.3162841796875,1808.0614013671875,2465.9599609375,24261.599609375
2026-03-11,1784.5411376953125,820.38134765625,2139.636474609375,1283.777099609375,1249.2667236328125,300.8050842285156,3135.27490234375,1383.8017578125,1821.127197265625,2418.663818359375,23866.849609375
2026-03-12,1778.9119873046875,819.2008666992188,2115.383056640625,1255.9119873046875,1238.9891357421875,296.0350341796875,2999.698486328125,1385.7926025390625,1820.52880859375,2396.5859375,23639.150390625
2026-03-13,1780.98583984375,803.7071533203125,2138.250732421875,1244.3099365234375,1221.8597412109375,293.455322265625,2900.638916015625,1374.3455810546875,1796.890625,2365.284423828125,23151.099609375
2026-03-16,1766.5673828125,826.9231567382812,2153.79248046875,1262.258544921875,1223.3280029296875,300.0749816894531,3004.5478515625,1388.6793212890625,1778.5386962890625,2364.0087890625,23408.80078125
2026-03-17,1804.2926025390625,831.5958251953125,2136.46875,1277.9263916015625,1206.785888671875,296.76513671875,3096.38330078125,1391.167724609375,1789.70947265625,2346.8369140625,23581.150390625
2026-03-18,1832.339599609375,829.333251953125,2113.79931640625,1278.521484375,1240.261474609375,295.986328125,3181.19287109375,1401.6195068359375,1773.651611328125,2395.01611328125,23777.80078125
2026-03-19,1804.2926025390625,785.2130126953125,2056.383544921875,1239.6490478515625,1194.9422607421875,290.0968017578125,3013.7509765625,1378.4267578125,1739.8402099609375,2311.806640625,23002.150390625
2026-03-20,1823.1551513671875,767.7518310546875,2061.72900390625,1234.9884033203125,1229.2987060546875,291.9950866699219,3034.236083984375,1407.8905029296875,1772.4547119140625,2345.7578125,23114.5
2026-03-23,1773.5791015625,732.04248046875,2031.5361328125,1212.4781494140625,1230.1796875,282.7470397949219,2925.082275390625,1401.3209228515625,1753.8035888671875,2339.085205078125,22512.650390625
2026-03-24,1779.7020263671875,752.454833984375,2064.005859375,1240.7398681640625,1251.224365234375,283.52581787109375,2999.797607421875,1405.302490234375,1748.717041015625,2353.803955078125,22912.400390625
2026-03-25,1812.0943603515625,769.5717163085938,2113.304443359375,1249.1688232421875,1252.00732421875,287.8578186035156,3095.591796875,1406.596435546875,1790.7069091796875,2332.80517578125,23306.44921875
2026-03-27,1820.9825439453125,743.8963623046875,2053.512451171875,1223.4854736328125,1242.806396484375,286.88433837890625,3009.69384765625,1341.8956298828125,1788.91162109375,2344.97265625,22819.599609375
2026-03-30,1760.2469482421875,719.6473999023438,2034.505859375,1195.8187255859375,1224.1109619140625,280.0699768066406,2923.99365234375,1337.7149658203125,1752.606689453125,2314.652099609375,22331.400390625
2026-04-01,1759.7530517578125,730.17333984375,2043.91015625,1202.561767578125,1248.6793212890625,283.9638977050781,2999.99560546875,1362.8984375,1723.9818115234375,2363.027587890625,22679.400390625
2026-04-02,1767.4560546875,738.6826171875,2044.5042724609375,1205.635986328125,1273.247802734375,285.0834045410156,2980.4013671875,1344.2845458984375,1689.1729736328125,2404.730224609375,22713.099609375
2026-04-06,1770.5177001953125,758.45556640625,2063.807861328125,1221.10546875,1278.5333251953125,287.0303649902344,2990.198486328125,1298.6953125,1690.17041015625,2427.4951171875,22968.25
2026-04-07,1807.5516357421875,759.4392700195312,2089.34814453125,1235.0875244140625,1311.0301513671875,290.5348815917969,2975.3544921875,1298.5958251953125,1713.5091552734375,2492.1591796875,23123.650390625
2026-04-08,1838.4625244140625,802.82177734375,2123.995849609375,1298.2550048828125,1317.68603515625,294.4288024902344,3176.739501953125,1341.5970458984375,1710.1180419921875,2511.195068359375,23997.349609375
2026-04-09,1836.2899169921875,784.72119140625,2111.720458984375,1270.58837890625,1303.395263671875,294.9642028808594,3133.889404296875,1323.87890625,1712.611572265625,2540.43603515625,23775.099609375
2026-04-10,1846.758056640625,797.1161499023438,2133.59814453125,1310.848876953125,1265.12353515625,296.1810607910156,3225.923095703125,1343.9859619140625,1650.57421875,2476.94970703125,24050.599609375
2026-04-13,1847.64697265625,781.7699584960938,2105.781005859375,1339.8046875,1249.756103515625,290.72955322265625,3186.734375,1309.0474853515625,1647.881103515625,2426.2197265625,23842.650390625
2026-04-15,1832.6357421875,796.72265625,2135.875,1336.829833984375,1277.6524658203125,294.0393981933594,3222.6572265625,1337.9140625,1692.1651611328125,2506.9755859375,24231.30078125
2026-04-16,1817.7235107421875,782.5077514648438,2117.561279296875,1334.2515869140625,1291.2579345703125,295.35357666015625,3188.812744140625,1337.1177978515625,1688.67431640625,2528.56298828125,24196.75
2026-04-17,1823.9451904296875,786.8853759765625,2218.237060546875,1335.540771484375,1290.7685546875,298.6634216308594,3166.9423828125,1358.7178955078125,1671.120361328125,2533.076904296875,24353.55078125
2026-04-20,1823.1551513671875,782.5077514648438,2209.03076171875,1344.862060546875,1284.7977294921875,296.9111633300781,3188.1201171875,1357.0257568359375,1664.23828125,2531.212646484375,24364.849609375
2026-04-21,1831.944580078125,798.5425415039062,2287.43310546875,1376.79296875,1285.385009765625,301.4378356933594,3213.552978515625,1347.07177734375,1660.84716796875,2561.532958984375,24576.599609375
2026-04-22,1806.2677001953125,786.8853759765625,2344.9482421875,1356.166748046875,1241.729736328125,297.39788818359375,3116.967041015625,1355.8311767578125,1665.435302734375,2490.88330078125,24378.099609375
2026-04-23,1818.3160400390625,771.5883178710938,2342.572265625,1336.730712890625,1214.32275390625,297.20318603515625,3016.027099609375,1337.21728515625,1675.708251953125,2474.49658203125,24173.05078125
2026-04-24,1791.9478759765625,772.0802001953125,2303.8662109375,1315.1129150390625,1130.144287109375,293.6013488769531,3006.82373046875,1321.6890869140625,1616.164306640625,2351.939453125,23897.94921875
2026-04-27,1797.478271484375,776.9496459960938,2304.856201171875,1303.114013671875,1145.5118408203125,295.7916564941406,3070.15869140625,1359.51416015625,1728.96875,2401.6884765625,24092.69921875
2026-04-28,1820.8837890625,769.817626953125,2266.44677734375,1281.1988525390625,1127.697265625,296.3757629394531,3056.00732421875,1382.5078125,1742.732666015625,2398.8427734375,23995.69921875
2026-04-29,1864.6331787109375,766.3253784179688,2291.095947265625,1270.290771484375,1142.7711181640625,307.86279296875,3119.540283203125,1418.83984375,1774.050537109375,2428.280029296875,24177.650390625
2026-04-30,1863.349365234375,759.1441650390625,2228.2353515625,1252.8380126953125,1156.768310546875,306.548583984375,3065.3095703125,1424.215087890625,1803.5732421875,2427.4951171875,23997.55078125
2026-05-01,1863.349365234375,759.1441650390625,2228.2353515625,1252.8380126953125,1156.768310546875,306.548583984375,3065.3095703125,1424.215087890625,1803.5732421875,2427.4951171875,23997.55078125
2026-05-04,1804.3912353515625,766.7189331054688,2286.04736328125,1260.1761474609375,1143.652099609375,302.8493957519531,3074.216064453125,1456.3663330078125,1818.7333984375,2385.6943359375,24119.30078125
2026-05-05,1783.65234375,759.734375,2303.965087890625,1240.839111328125,1153.1466064453125,303.19012451171875,3177.43212890625,1456.864013671875,1816.04052734375,2381.769287109375,24032.80078125
2026-05-06,1810.9091796875,783.58984375,2293.768798828125,1268.8033447265625,1142.4774169921875,302.4599914550781,3266.496826171875,1431.2823486328125,1845.3636474609375,2389.717041015625,24330.94921875
2026-05-07,1803.8974609375,783.0979614257812,2249.32080078125,1268.3074951171875,1138.07275390625,299.24749755859375,3335.67041015625,1429.590087890625,1829.60498046875,2356.35498046875,24326.650390625
2026-05-08,1811.6993408203125,768.145263671875,2264.664794921875,1254.226318359375,1154.2232666015625,299.29620361328125,3295.7890625,1428.5947265625,1843.0697021484375,2349.486328125,24176.150390625
2026-05-11,1737.9278564453125,751.2251586914062,2283.968505859375,1255.8128662109375,1152.0699462890625,297.7386169433594,3212.167236328125,1381.81103515625,1867.8048095703125,2348.014404296875,23815.849609375
2026-05-12,1734.965087890625,738.2399291992188,2239.2236328125,1229.93115234375,1116.1473388671875,292.7252197265625,3142.993896484375,1357.722412109375,1840.8753662109375,2257.151611328125,23379.55078125
2026-05-13,1766.9622802734375,737.4037475585938,2244.47021484375,1225.2703857421875,1099.3115234375,296.3757629394531,3079.461181640625,1352.54638671875,1820.0301513671875,2230.16748046875,23412.599609375
2026-05-14,1860.09033203125,757.0291748046875,2226.057373046875,1235.5833740234375,1071.8067626953125,299.0528259277344,3140.91552734375,1355.5325927734375,1858.32958984375,2203.8701171875,23689.599609375
2026-05-15,1881.7181396484375,755.0125122070312,2249.32080078125,1234.095947265625,1095.2984619140625,301.2431640625,3090.643798828125,1330.24951171875,1873.2904052734375,2221.5322265625,23643.5
2026-05-18,1914.01171875,756.143798828125,2231.502197265625,1240.6407470703125,1118.3006591796875,301.924560546875,3051.653076171875,1329.7518310546875,1900.818359375,2240.3720703125,23649.94921875
2026-05-19,1889.7174072265625,750.044677734375,2210.41650390625,1230.4268798828125,1171.5484619140625,302.0705871582031,3060.163818359375,1316.6124267578125,1877.3797607421875,2283.448974609375,23618.0
2026-05-20,1881.224365234375,747.1427001953125,2187.05419921875,1226.9561767578125,1168.4161376953125,299.3935241699219,3089.7529296875,1353.442138671875,1875.385009765625,2283.742919921875,23659.0
2026-05-21,1861.8680419921875,746.7984008789062,2157.059326171875,1232.41015625,1156.180908203125,299.8802490234375,3066.7939453125,1343.388671875,1886.3563232421875,2283.546875,23654.69921875
2026-05-22,1848.1407470703125,754.3239135742188,2181.411865234375,1253.73046875,1149.622802734375,293.6986999511719,3049.278076171875,1348.26611328125,1839.7783203125,2273.832763671875,23719.30078125
2026-05-25,1851.49853515625,774.0476684570312,2174.383056640625,1281.0006103515625,1143.75,295.8890075683594,3106.37841796875,1360.7086181640625,1835.7886962890625,2295.61328125,24031.69921875
2026-05-26,1823.9451904296875,766.22705078125,2187.153076171875,1268.4066162109375,1142.966796875,293.6499938964844,3075.0078125,1350.0579833984375,1835.98828125,2263.78759765625,23913.69921875
2026-05-27,1829.1793212890625,746.3065185546875,2176.263916015625,1262.0601806640625,1135.3321533203125,291.95001220703125,3089.1591796875,1344.2845458984375,1839.4791259765625,2271.744140625,23907.150390625
2026-05-28,1829.1793212890625,746.3065185546875,2176.263916015625,1262.0601806640625,1135.3321533203125,291.95001220703125,3089.1591796875,1344.2845458984375,1839.4791259765625,2271.744140625,23907.150390625
2026-05-29,1806.2677001953125,732.4359130859375,2131.816162109375,1245.896484375,1136.3109130859375,286.8999938964844,3013.94921875,1315.119384765625,1794.4969482421875,2246.58203125,23547.75
2026-06-01,1788.0963134765625,730.6160278320312,2063.31298828125,1229.3360595703125,1177.02978515625,279.6499938964844,2939.33251953125,1313.9249267578125,1791.8040771484375,2284.8720703125,23382.599609375
2026-06-02,1791.651611328125,736.0757446289062,2072.6181640625,1216.3455810546875,1243.8831787109375,283.25,2967.140625,1308.5498046875,1785.2213134765625,2433.556884765625,23483.55078125
2026-06-03,1801.4285888671875,741.3878784179688,2069.549560546875,1231.6168212890625,1196.7039794921875,277.0,2979.8076171875,1307.15625,1783.824951171875,2229.475830078125,23405.599609375
2026-06-04,1796.293212890625,741.9288940429688,2058.462158203125,1241.2357177734375,1175.855224609375,280.29998779296875,2984.755615234375,1297.699951171875,1775.4468994140625,2228.77978515625,23416.55078125
2026-06-05,1775.8504638671875,734.8952026367188,2100.138427734375,1251.548828125,1172.1357421875,280.70001220703125,3008.902099609375,1291.0,1777.5413818359375,2186.9091796875,23366.69921875
2026-06-08,1790.7628173828125,726.6319580078125,2088.853271484375,1239.748291015625,1162.4453125,279.45001220703125,2935.17626953125,1263.300048828125,1784.1241455078125,2139.668212890625,23123.0
2026-06-09,1776.6405029296875,726.3367919921875,2111.32470703125,1264.3409423828125,1155.300048828125,280.0,2959.02587890625,1269.199951171875,1774.3497314453125,2139.2705078125,23242.099609375
2026-06-10,1753.1363525390625,734.698486328125,2147.655029296875,1282.488037109375,1145.300048828125,283.6499938964844,2921.816650390625,1258.800048828125,1781.73046875,2142.154541015625,23214.94921875
2026-06-11,1760.4443359375,732.485107421875,2118.254150390625,1305.9898681640625,1114.5999755859375,282.3999938964844,2969.71337890625,1263.0,1789.510009765625,2123.95458984375,23161.599609375
2026-06-12,1799.8485107421875,759.8819580078125,2146.962158203125,1329.5909423828125,1116.4000244140625,285.1000061035156,3011.27685546875,1293.0,1802.9747314453125,2149.61376953125,23622.900390625
2026-06-15,1818.3160400390625,764.7022094726562,2134.39013671875,1316.501220703125,1134.9000244140625,287.8999938964844,3101.727294921875,1307.0,1801.2791748046875,2150.21044921875,23853.900390625
2026-06-16,1829.9693603515625,772.1294555664062,2177.748779296875,1323.145263671875,1143.5999755859375,291.6499938964844,3105.289794921875,1328.800048828125,1795.9930419921875,2187.0087890625,23989.150390625
2026-06-17,1852.38720703125,774.2935791015625,2175.47216796875,1325.6243896484375,1157.699951171875,290.75,3100.341552734375,1332.699951171875,1815.6416015625,2210.8779296875,24085.69921875
2026-06-18,1851.49853515625,786.0,2196.16162109375,1331.078369140625,1127.5,291.1499938964844,3103.904296875,1328.0999755859375,1820.0301513671875,2191.285400390625,24168.0
2026-06-19,1887.051025390625,779.7999877929688,2172.50244140625,1335.2431640625,1051.4000244140625,292.5,3042.845703125,1309.5,1833.4947509765625,2113.412353515625,24013.099609375
2026-06-22,1892.7789306640625,786.4000244140625,2162.89990234375,1341.0938720703125,1065.4000244140625,291.25,3031.56396484375,1326.5,1858.030517578125,2116.197021484375,24102.900390625
2026-06-23,1877.96533203125,774.6500244140625,2160.10009765625,1327.11181640625,1029.300048828125,290.0,3005.7353515625,1309.5,1863.1170654296875,2048.368896484375,23824.099609375
2026-06-24,1853.9674072265625,793.2000122070312,2157.800048828125,1362.11669921875,1056.5999755859375,290.3500061035156,3032.652587890625,1313.5999755859375,1869.5003662109375,2097.49951171875,24021.650390625
2026-06-25,1827.6978759765625,796.2999877929688,2174.199951171875,1375.9005126953125,1041.199951171875,290.0,3149.12939453125,1318.0999755859375,1857.9307861328125,2083.27734375,24056.0
2026-06-26,1827.6978759765625,796.2999877929688,2174.199951171875,1375.9005126953125,1041.199951171875,290.0,3149.12939453125,1318.0999755859375,1857.9307861328125,2083.27734375,24056.0
2026-06-29,1818.21728515625,798.9000244140625,2151.300048828125,1375.9996337890625,1036.699951171875,290.70001220703125,3060.8564453125,1301.0,1869.8994140625,2086.4599609375,23946.25
2026-06-30,1828.9818115234375,797.9500122070312,2118.199951171875,1363.7032470703125,1000.4000244140625,286.95001220703125,3036.907958984375,1293.9000244140625,1857.6314697265625,2020.422119140625,23865.75
2026-07-01,1847.7457275390625,796.1500244140625,2182.0,1368.264892578125,985.2999877929688,290.29998779296875,3097.471923828125,1308.0,1861.32177734375,1971.788818359375,24005.849609375
2026-07-02,1851.6959228515625,795.9000244140625,2210.60009765625,1388.2960205078125,1040.9000244140625,289.8999938964844,3142.39990234375,1303.5,1866.1092529296875,2056.82275390625,24175.69921875
2026-07-03,1886.656005859375,801.0499877929688,2201.199951171875,1399.6007080078125,1047.199951171875,289.95001220703125,3136.89990234375,1304.0,1899.8209228515625,2082.083984375,24270.849609375
2026-07-06,1901.7657470703125,829.8499755859375,2202.0,1414.9710693359375,1042.199951171875,288.25,3201.199951171875,1321.300048828125,1907.800048828125,2046.3798828125,24430.349609375
2026-07-07,1901.8646240234375,829.2999877929688,2208.800048828125,1402.873046875,1071.800048828125,288.75,3196.39990234375,1308.4000244140625,1903.4000244140625,2084.669921875,24398.69921875
2026-07-08,1864.6331787109375,810.2999877929688,2135.800048828125,1369.05810546875,1069.300048828125,280.6499938964844,3102.5,1275.9000244140625,1888.199951171875,2046.2803955078125,23882.05078125
2026-07-09,1907.0986328125,817.5499877929688,2144.5,1369.1572265625,1050.800048828125,282.04998779296875,3085.39990234375,1279.800048828125,1938.699951171875,2038.323974609375,23962.80078125
2026-07-10,1896.53173828125,824.9500122070312,2150.60009765625,1389.48583984375,1068.0,281.75,3129.39990234375,1307.800048828125,1935.5,2057.717529296875,24206.900390625
2026-07-13,1878.1629638671875,817.9500122070312,2130.60009765625,1397.716552734375,1102.5999755859375,279.6499938964844,3160.39990234375,1296.9000244140625,1921.4000244140625,2169.604248046875,24211.0
2026-07-14,1912.431640625,809.4000244140625,2120.199951171875,1395.9315185546875,1092.9000244140625,275.54998779296875,3093.300048828125,1293.0,1942.5999755859375,2188.60009765625,24052.05078125
2026-07-15,1894.4578857421875,815.4500122070312,2102.60009765625,1404.3604736328125,1076.300048828125,276.6499938964844,3082.89990234375,1295.5,1951.5,2189.199951171875,24078.5
2026-07-16,1897.914306640625,808.2999877929688,2098.39990234375,1406.34375,1082.4000244140625,279.3500061035156,3117.800048828125,1296.5999755859375,1950.0999755859375,2201.0,24072.75
2026-07-17,1885.075927734375,819.5999755859375,2143.800048828125,1432.2257080078125,1096.5,280.70001220703125,3179.199951171875,1327.199951171875,1932.5999755859375,2269.0,24334.30078125
2026-07-20,1915.98681640625,777.5999755859375,2139.699951171875,1447.99267578125,1087.0999755859375,282.70001220703125,3165.5,1323.0999755859375,1956.4000244140625,2251.10009765625,24238.5
2026-07-21,1924.1837158203125,761.4500122070312,2142.5,1450.868408203125,1073.5,281.0,3201.699951171875,1303.699951171875,1961.9000244140625,2221.10009765625,24187.69921875
2026-07-22,1924.7762451171875,753.1500244140625,2154.60009765625,1428.6556396484375,1052.0999755859375,280.79998779296875,3175.300048828125,1288.5999755859375,1943.0,2208.300048828125,23996.25
2026-07-23,1907.0,747.25,2161.800048828125,1422.606689453125,1047.4000244140625,281.29998779296875,3229.699951171875,1272.199951171875,1954.0,2242.89990234375,23869.599609375
2026-07-24,1898.199951171875,742.7999877929688,2145.0,1420.9208984375,1040.9000244140625,283.45001220703125,3161.39990234375,1278.0,1941.0999755859375,2254.300048828125,23767.44921875
2026-07-27,1905.300048828125,739.5499877929688,2174.60009765625,1433.6138916015625,1079.199951171875,285.8500061035156,3238.60009765625,1280.0,1973.699951171875,2295.60009765625,23995.94921875
2026-07-28,1901.800048828125,735.4000244140625,2022.699951171875,1418.8385009765625,1105.699951171875,284.6499938964844,3271.199951171875,1267.699951171875,1976.699951171875,2398.0,23985.349609375
2026-07-29,1950.199951171875,748.2000122070312,2117.800048828125,1425.879150390625,1155.5999755859375,286.25,3221.800048828125,1275.9000244140625,1989.9000244140625,2446.60009765625,24250.19921875
2026-07-30,1956.800048828125,753.9500122070312,2107.89990234375,1421.91259765625,1155.0999755859375,285.04998779296875,3283.699951171875,1292.9000244140625,2001.0999755859375,2431.800048828125,24317.150390625
2026-07-31,1972.0,748.1500244140625,2101.300048828125,1423.4000244140625,1130.0999755859375,281.0,3398.5,1307.800048828125,1990.5,2365.60009765625,24383.599609375
2026-08-03,1970.5,753.0,2138.0,1460.0,1180.0,287.0,3428.60009765625,1319.0,1963.5,2473.699951171875,24774.30078125
2026-08-04,1970.0999755859375,742.0,2096.5,1454.5999755859375,1167.5,289.0,3433.0,1290.9000244140625,1964.0,2460.0,24614.900390625
2026-08-05,1978.0,735.0,2085.300048828125,1450.0999755859375,1174.0,286.95001220703125,3455.39990234375,1280.0,1940.0,2413.0,24624.650390625
2026-08-06,1948.0,734.2999877929688,2079.5,1457.5,1165.0,285.8999938964844,3406.0,1325.0,1951.0,2373.0,24636.0
2026-08-07,1959.9000244140625,731.0,2096.0,1421.0,1175.0999755859375,286.1000061035156,3502.0,1334.800048828125,1945.0,2452.699951171875,24570.650390625
2026-08-10,1943.0,731.0,2087.199951171875,1431.800048828125,1183.0,282.6499938964844,3517.0,1327.300048828125,1944.4000244140625,2425.699951171875,24583.80078125
2026-08-11,1915.199951171875,729.0,2064.89990234375,1429.5999755859375,1190.699951171875,279.0,3460.10009765625,1323.9000244140625,1942.0,2445.699951171875,24471.69921875
2026-08-12,1945.0,729.0,2063.0,1431.699951171875,1176.0999755859375,276.1499938964844,3403.60009765625,1329.0,1944.0,2349.699951171875,24435.94921875
2026-08-13,1939.0999755859375,725.0,2092.0,1406.800048828125,1175.0,278.5,3428.199951171875,1317.0,1932.0,2375.0,24395.849609375
2026-08-14,1992.0999755859375,727.0,2077.0,1417.0,1169.199951171875,278.20001220703125,3428.300048828125,1310.0,1930.0,2361.0,24366.0
2026-08-17,1969.300048828125,729.0,2055.0,1415.300048828125,1139.9000244140625,273.04998779296875,3390.39990234375,1316.0,1882.0,2313.199951171875,24287.650390625
2026-08-18,1934.199951171875,723.0,2035.0,1412.0,1115.0,270.0,3421.5,1322.0,1875.0999755859375,2280.0,24154.900390625
2026-08-19,1922.0,720.0,2020.699951171875,1402.0,1119.800048828125,267.04998779296875,3415.0,1311.0,1900.0,2289.0,24078.30078125
2026-08-20,1941.699951171875,725.0499877929688,2028.0,1411.9000244140625,1130.0,271.6499938964844,3424.800048828125,1313.199951171875,1904.0,2298.0,24231.849609375
2026-08-21,1946.0,726.9500122070312,2015.0,1420.0,1121.0,269.3999938964844,3412.199951171875,1316.0,1902.4000244140625,2302.0,24252.0
2026-08-24,1935.0,729.0,2030.0,1415.0,1130.0,269.70001220703125,3414.10009765625,1309.800048828125,1910.0,2284.10009765625,24219.05078125
2026-08-25,1947.0,727.5,2024.199951171875,1422.699951171875,1144.0,271.3999938964844,3443.0,1317.0,1922.0,2296.199951171875,24334.55078125
2026-08-26,1902.0999755859375,727.2000122070312,2021.0,1430.0,1120.0,270.25,3398.199951171875,1298.0,1899.5,2270.0,24207.75
2026-08-27,1878.300048828125,711.0,2009.0,1443.0,1110.800048828125,269.0,3330.0,1282.199951171875,1913.300048828125,2248.39990234375,24090.849609375
2026-08-28,1882.4000244140625,720.2999877929688,2010.4000244140625,1422.800048828125,1144.0,266.0,3334.0,1287.0,1920.0,2342.0,24175.650390625
2026-08-31,1811.9000244140625,709.0,1967.4000244140625,1454.0,1133.800048828125,255.5,3282.0,1277.0,1984.800048828125,2399.300048828125,24080.400390625
2026-09-01,1877.199951171875,711.9000244140625,1994.800048828125,1438.0,1156.0,266.6000061035156,3259.0,1309.0,1929.0,2369.0,24055.80078125
2026-09-02,1862.800048828125,700.7999877929688,1975.0,1426.5,1140.0,266.29998779296875,3190.0,1313.0999755859375,1931.699951171875,2348.0,23914.44921875
2026-09-03,1869.0,706.6500244140625,1962.0,1430.0,1130.300048828125,263.0,3150.0,1302.5,1916.0,2320.10009765625,23873.44921875
2026-09-04,1840.0,712.0999755859375,1973.4000244140625,1423.199951171875,1130.0,264.1000061035156,3170.0,1322.0,1899.0,2304.0,23897.69921875
2026-09-07,1854.0,710.5,1960.0,1427.5,1087.5,263.5,3160.0,1309.5,1895.0,2270.0,23779.150390625
2026-09-08,1844.0,703.0,1980.0,1399.4000244140625,1082.0,263.5,3160.0,1294.9000244140625,1885.9000244140625,2255.5,23635.099609375
2026-09-09,1814.699951171875,687.0999755859375,1945.0,1389.0999755859375,1035.0,260.79998779296875,3150.0,1279.0,1864.9000244140625,2208.0,23431.5
2026-09-10,1839.0,693.7999877929688,1942.300048828125,1384.5,1036.5,259.29998779296875,3123.800048828125,1274.0,1861.0,2204.10009765625,23477.80078125
2026-09-11,1831.0999755859375,708.25,1927.0,1379.300048828125,1037.699951171875,259.8500061035156,3107.0,1257.5,1840.0,2200.800048828125,23398.099609375
2026-09-14,1831.0999755859375,708.25,1927.0,1379.300048828125,1037.699951171875,259.8500061035156,3107.0,1257.5,1840.0,2200.800048828125,23398.099609375
2026-09-15,1830.4000244140625,716.5499877929688,1938.0999755859375,1350.4000244140625,1077.0,258.0,3029.5,1235.300048828125,1835.0,2251.0,23118.599609375
2026-09-16,1835.0,721.5,1962.0,1358.800048828125,1060.0,264.1499938964844,3070.0,1240.0,1853.5,2188.800048828125,23217.599609375
2026-09-17,1836.0,713.0,1942.199951171875,1347.5999755859375,1058.5999755859375,266.20001220703125,3076.5,1243.9000244140625,1867.300048828125,2190.0,23270.599609375
2026-09-18,1893.300048828125,731.0,1932.0,1338.9000244140625,1051.4000244140625,262.29998779296875,3052.0,1226.4000244140625,1837.300048828125,2105.0,23346.400390625
2026-09-21,1830.199951171875,739.5,1947.0,1345.0,1038.5,267.0,3055.300048828125,1247.4000244140625,1868.9000244140625,2128.699951171875,23414.30078125
2026-09-22,1817.199951171875,738.5999755859375,1933.800048828125,1339.5999755859375,1029.4000244140625,265.79998779296875,3044.5,1240.4000244140625,1846.4000244140625,2105.0,23329.0
2026-09-23,1833.199951171875,737.25,1950.0,1340.0,1020.5,270.1499938964844,3035.0,1248.0,1865.0,2089.60009765625,23446.80078125
2026-09-24,1795.800048828125,728.9000244140625,1933.5,1334.5,1014.5,268.0,2982.699951171875,1219.199951171875,1849.9000244140625,2087.0,23063.099609375
2026-09-25,1785.4000244140625,735.5999755859375,1942.9000244140625,1326.800048828125,1000.2000122070312,269.0,3035.0,1226.0,1852.199951171875,2082.0,23140.5
2026-09-28,1771.4000244140625,719.0499877929688,1896.0,1302.0,1003.2000122070312,265.20001220703125,2995.0,1197.5999755859375,1838.0,2070.699951171875,22780.25
2026-09-29,1771.199951171875,722.7000122070312,1863.800048828125,1292.199951171875,1015.4000244140625,265.1000061035156,2947.800048828125,1182.0,1865.0,2032.4000244140625,22716.19921875
2026-09-30,1757.0,708.7000122070312,1879.0999755859375,1321.699951171875,994.0999755859375,262.75,2950.0,1187.0,1816.5999755859375,2050.60009765625,22620.44921875
2026-10-01,1741.0999755859375,721.2000122070312,1836.0,1310.5999755859375,1035.0,255.89999389648438,2860.0,1167.699951171875,1801.0,2075.0,22421.94921875
2026-10-02,1741.0999755859375,721.2000122070312,1836.0,1310.5999755859375,1035.0,255.89999389648438,2860.0,1167.699951171875,1801.0,2075.0,22421.94921875
2026-10-05,1779.9000244140625,704.7999877929688,1838.4000244140625,1332.0,1020.5,268.8999938964844,2857.60009765625,1186.4000244140625,1779.699951171875,2114.39990234375,22555.75
2026-10-06,1779.9000244140625,704.7999877929688,1838.4000244140625,1332.0,1020.5,268.8999938964844,2857.60009765625,1186.4000244140625,1779.699951171875,2114.39990234375,22555.75
